Input,Input Type,MGI Gene/Marker ID,Symbol,Name,Feature Type,Ensembl ID,Entrez Gene ID,GO ID,Term,Code
rs3670719,,No associated gene,,,,,,,,
rs13476400,RefSNP,MGI:5676472,Cpgi11386,CpG island 11386,CpG island,,,,,
rs13476400,RefSNP,MGI:2153089,Mrps2,mitochondrial ribosomal protein S2,protein coding gene,ENSMUSG00000035772,118451,GO:0005622,intracellular,IEA
rs13476400,RefSNP,MGI:2153089,Mrps2,mitochondrial ribosomal protein S2,protein coding gene,ENSMUSG00000035772,118451,GO:0061668,mitochondrial ribosome assembly,ISO
rs13476400,RefSNP,MGI:2153089,Mrps2,mitochondrial ribosomal protein S2,protein coding gene,ENSMUSG00000035772,118451,GO:0005763,mitochondrial small ribosomal subunit,ISO
rs13476400,RefSNP,MGI:2153089,Mrps2,mitochondrial ribosomal protein S2,protein coding gene,ENSMUSG00000035772,118451,GO:0005763,mitochondrial small ribosomal subunit,ISS
rs13476400,RefSNP,MGI:2153089,Mrps2,mitochondrial ribosomal protein S2,protein coding gene,ENSMUSG00000035772,118451,GO:0032543,mitochondrial translation,ISS
rs13476400,RefSNP,MGI:2153089,Mrps2,mitochondrial ribosomal protein S2,protein coding gene,ENSMUSG00000035772,118451,GO:0005739,mitochondrion,HDA
rs13476400,RefSNP,MGI:2153089,Mrps2,mitochondrial ribosomal protein S2,protein coding gene,ENSMUSG00000035772,118451,GO:0005739,mitochondrion,ISO
rs13476400,RefSNP,MGI:2153089,Mrps2,mitochondrial ribosomal protein S2,protein coding gene,ENSMUSG00000035772,118451,GO:0005840,ribosome,IEA
rs13476400,RefSNP,MGI:2153089,Mrps2,mitochondrial ribosomal protein S2,protein coding gene,ENSMUSG00000035772,118451,GO:0015935,small ribosomal subunit,IEA
rs13476400,RefSNP,MGI:2153089,Mrps2,mitochondrial ribosomal protein S2,protein coding gene,ENSMUSG00000035772,118451,GO:0003735,structural constituent of ribosome,ISS
rs13476400,RefSNP,MGI:2153089,Mrps2,mitochondrial ribosomal protein S2,protein coding gene,ENSMUSG00000035772,118451,GO:0006412,translation,IEA
rs13476400,RefSNP,MGI:5944695,Tssr16928,transcription start site region 16928,TSS region,,,,,
rs13476400,RefSNP,MGI:5944696,Tssr16929,transcription start site region 16929,TSS region,,,,,
rs13476400,RefSNP,MGI:5944697,Tssr16930,transcription start site region 16930,TSS region,,,,,
rs13476400,RefSNP,MGI:5944698,Tssr16931,transcription start site region 16931,TSS region,,,,,
rs13476402,RefSNP,MGI:2682639,Ddx31,DEAD/H box helicase 31,protein coding gene,ENSMUSG00000026806,227674,GO:0005524,ATP binding,IEA
rs13476402,RefSNP,MGI:2682639,Ddx31,DEAD/H box helicase 31,protein coding gene,ENSMUSG00000026806,227674,GO:0005794,Golgi apparatus,ISO
rs13476402,RefSNP,MGI:2682639,Ddx31,DEAD/H box helicase 31,protein coding gene,ENSMUSG00000026806,227674,GO:0004386,helicase activity,IEA
rs13476402,RefSNP,MGI:2682639,Ddx31,DEAD/H box helicase 31,protein coding gene,ENSMUSG00000026806,227674,GO:0016787,hydrolase activity,IEA
rs13476402,RefSNP,MGI:2682639,Ddx31,DEAD/H box helicase 31,protein coding gene,ENSMUSG00000026806,227674,GO:0043231,intracellular membrane-bounded organelle,ISO
rs13476402,RefSNP,MGI:2682639,Ddx31,DEAD/H box helicase 31,protein coding gene,ENSMUSG00000026806,227674,GO:0003676,nucleic acid binding,IEA
rs13476402,RefSNP,MGI:2682639,Ddx31,DEAD/H box helicase 31,protein coding gene,ENSMUSG00000026806,227674,GO:0005730,nucleolus,ISO
rs13476402,RefSNP,MGI:2682639,Ddx31,DEAD/H box helicase 31,protein coding gene,ENSMUSG00000026806,227674,GO:0000166,nucleotide binding,IEA
rs13476402,RefSNP,MGI:2682639,Ddx31,DEAD/H box helicase 31,protein coding gene,ENSMUSG00000026806,227674,GO:0042254,ribosome biogenesis,ISO
rs13476402,RefSNP,MGI:2682639,Ddx31,DEAD/H box helicase 31,protein coding gene,ENSMUSG00000026806,227674,GO:0003723,RNA binding,IEA
rs6367778,,No associated gene,,,,,,,,
rs3023797,RefSNP,MGI:3649783,Gm13393,predicted gene 13393,lncRNA gene,ENSMUSG00000086519,,,,
rs3023797,RefSNP,MGI:105044,Ttf1,"transcription termination factor, RNA polymerase I",protein coding gene,ENSMUSG00000026803,22130,GO:0003682,chromatin binding,IDA
rs3023797,RefSNP,MGI:105044,Ttf1,"transcription termination factor, RNA polymerase I",protein coding gene,ENSMUSG00000026803,22130,GO:0006338,chromatin remodeling,IDA
rs3023797,RefSNP,MGI:105044,Ttf1,"transcription termination factor, RNA polymerase I",protein coding gene,ENSMUSG00000026803,22130,GO:0003677,DNA binding,IDA
rs3023797,RefSNP,MGI:105044,Ttf1,"transcription termination factor, RNA polymerase I",protein coding gene,ENSMUSG00000026803,22130,GO:0006353,"DNA-templated transcription, termination",IEA
rs3023797,RefSNP,MGI:105044,Ttf1,"transcription termination factor, RNA polymerase I",protein coding gene,ENSMUSG00000026803,22130,GO:0008156,negative regulation of DNA replication,IEA
rs3023797,RefSNP,MGI:105044,Ttf1,"transcription termination factor, RNA polymerase I",protein coding gene,ENSMUSG00000026803,22130,GO:0005634,nucleus,IDA
rs3023797,RefSNP,MGI:105044,Ttf1,"transcription termination factor, RNA polymerase I",protein coding gene,ENSMUSG00000026803,22130,GO:0005515,protein binding,IPI
rs3023797,RefSNP,MGI:105044,Ttf1,"transcription termination factor, RNA polymerase I",protein coding gene,ENSMUSG00000026803,22130,GO:0006363,termination of RNA polymerase I transcription,IDA
rs3023797,RefSNP,MGI:105044,Ttf1,"transcription termination factor, RNA polymerase I",protein coding gene,ENSMUSG00000026803,22130,GO:0006361,transcription initiation from RNA polymerase I promoter,IDA
rs4223708,RefSNP,MGI:98241,Stmn2,stathmin-like 2,protein coding gene,ENSMUSG00000027500,20257,GO:0048306,calcium-dependent protein binding,ISO
rs4223708,RefSNP,MGI:98241,Stmn2,stathmin-like 2,protein coding gene,ENSMUSG00000027500,20257,GO:0042995,cell projection,IEA
rs4223708,RefSNP,MGI:98241,Stmn2,stathmin-like 2,protein coding gene,ENSMUSG00000027500,20257,GO:1990090,cellular response to nerve growth factor stimulus,ISO
rs4223708,RefSNP,MGI:98241,Stmn2,stathmin-like 2,protein coding gene,ENSMUSG00000027500,20257,GO:0005737,cytoplasm,ISO
rs4223708,RefSNP,MGI:98241,Stmn2,stathmin-like 2,protein coding gene,ENSMUSG00000027500,20257,GO:0005768,endosome,IEA
rs4223708,RefSNP,MGI:98241,Stmn2,stathmin-like 2,protein coding gene,ENSMUSG00000027500,20257,GO:0005794,Golgi apparatus,ISO
rs4223708,RefSNP,MGI:98241,Stmn2,stathmin-like 2,protein coding gene,ENSMUSG00000027500,20257,GO:0030426,growth cone,IDA
rs4223708,RefSNP,MGI:98241,Stmn2,stathmin-like 2,protein coding gene,ENSMUSG00000027500,20257,GO:0030426,growth cone,ISO
rs4223708,RefSNP,MGI:98241,Stmn2,stathmin-like 2,protein coding gene,ENSMUSG00000027500,20257,GO:0030027,lamellipodium,ISO
rs4223708,RefSNP,MGI:98241,Stmn2,stathmin-like 2,protein coding gene,ENSMUSG00000027500,20257,GO:0016020,membrane,IEA
rs4223708,RefSNP,MGI:98241,Stmn2,stathmin-like 2,protein coding gene,ENSMUSG00000027500,20257,GO:0007026,negative regulation of microtubule depolymerization,ISO
rs4223708,RefSNP,MGI:98241,Stmn2,stathmin-like 2,protein coding gene,ENSMUSG00000027500,20257,GO:0031115,negative regulation of microtubule polymerization,ISO
rs4223708,RefSNP,MGI:98241,Stmn2,stathmin-like 2,protein coding gene,ENSMUSG00000027500,20257,GO:0010977,negative regulation of neuron projection development,ISO
rs4223708,RefSNP,MGI:98241,Stmn2,stathmin-like 2,protein coding gene,ENSMUSG00000027500,20257,GO:0043025,neuronal cell body,ISO
rs4223708,RefSNP,MGI:98241,Stmn2,stathmin-like 2,protein coding gene,ENSMUSG00000027500,20257,GO:0043005,neuron projection,ISO
rs4223708,RefSNP,MGI:98241,Stmn2,stathmin-like 2,protein coding gene,ENSMUSG00000027500,20257,GO:0048471,perinuclear region of cytoplasm,ISO
rs4223708,RefSNP,MGI:98241,Stmn2,stathmin-like 2,protein coding gene,ENSMUSG00000027500,20257,GO:0031117,positive regulation of microtubule depolymerization,ISO
rs4223708,RefSNP,MGI:98241,Stmn2,stathmin-like 2,protein coding gene,ENSMUSG00000027500,20257,GO:0010976,positive regulation of neuron projection development,ISO
rs4223708,RefSNP,MGI:98241,Stmn2,stathmin-like 2,protein coding gene,ENSMUSG00000027500,20257,GO:0005515,protein binding,IPI
rs4223708,RefSNP,MGI:98241,Stmn2,stathmin-like 2,protein coding gene,ENSMUSG00000027500,20257,GO:0031982,vesicle,ISO
rs4223708,RefSNP,MGI:5956097,Tssr28330,transcription start site region 28330,TSS region,,,,,
rs4223708,RefSNP,MGI:5956098,Tssr28331,transcription start site region 28331,TSS region,,,,,
rs13479757,RefSNP,MGI:5010096,Gm17911,"predicted gene, 17911",pseudogene,ENSMUSG00000110085,100416081,,,
rs6308258,RefSNP,MGI:107485,Ralgds,ral guanine nucleotide dissociation stimulator,protein coding gene,ENSMUSG00000026821,19730,GO:0005903,brush border,ISO
rs6308258,RefSNP,MGI:107485,Ralgds,ral guanine nucleotide dissociation stimulator,protein coding gene,ENSMUSG00000026821,19730,GO:0005737,cytoplasm,IEA
rs6308258,RefSNP,MGI:107485,Ralgds,ral guanine nucleotide dissociation stimulator,protein coding gene,ENSMUSG00000026821,19730,GO:0005829,cytosol,ISO
rs6308258,RefSNP,MGI:107485,Ralgds,ral guanine nucleotide dissociation stimulator,protein coding gene,ENSMUSG00000026821,19730,GO:0030695,GTPase regulator activity,ISO
rs6308258,RefSNP,MGI:107485,Ralgds,ral guanine nucleotide dissociation stimulator,protein coding gene,ENSMUSG00000026821,19730,GO:0005085,guanyl-nucleotide exchange factor activity,IEA
rs6308258,RefSNP,MGI:107485,Ralgds,ral guanine nucleotide dissociation stimulator,protein coding gene,ENSMUSG00000026821,19730,GO:0005622,intracellular,IEA
rs6308258,RefSNP,MGI:107485,Ralgds,ral guanine nucleotide dissociation stimulator,protein coding gene,ENSMUSG00000026821,19730,GO:0005634,nucleus,ISO
rs6308258,RefSNP,MGI:107485,Ralgds,ral guanine nucleotide dissociation stimulator,protein coding gene,ENSMUSG00000026821,19730,GO:0005515,protein binding,IPI
rs6308258,RefSNP,MGI:107485,Ralgds,ral guanine nucleotide dissociation stimulator,protein coding gene,ENSMUSG00000026821,19730,GO:0007165,signal transduction,IEA
rs6308258,RefSNP,MGI:107485,Ralgds,ral guanine nucleotide dissociation stimulator,protein coding gene,ENSMUSG00000026821,19730,GO:0007264,small GTPase mediated signal transduction,IEA
rs6308258,RefSNP,MGI:5944718,Tssr16951,transcription start site region 16951,TSS region,,,,,
rs3686975,RefSNP,MGI:1289225,Tmem41b,transmembrane protein 41B,protein coding gene,ENSMUSG00000047554,233724,GO:0000045,autophagosome assembly,ISO
rs3686975,RefSNP,MGI:1289225,Tmem41b,transmembrane protein 41B,protein coding gene,ENSMUSG00000047554,233724,GO:0006914,autophagy,IEA
rs3686975,RefSNP,MGI:1289225,Tmem41b,transmembrane protein 41B,protein coding gene,ENSMUSG00000047554,233724,GO:0005783,endoplasmic reticulum,IEA
rs3686975,RefSNP,MGI:1289225,Tmem41b,transmembrane protein 41B,protein coding gene,ENSMUSG00000047554,233724,GO:0005789,endoplasmic reticulum membrane,ISO
rs3686975,RefSNP,MGI:1289225,Tmem41b,transmembrane protein 41B,protein coding gene,ENSMUSG00000047554,233724,GO:0016021,integral component of membrane,IEA
rs3686975,RefSNP,MGI:1289225,Tmem41b,transmembrane protein 41B,protein coding gene,ENSMUSG00000047554,233724,GO:0016020,membrane,IEA
rs3686975,RefSNP,MGI:1289225,Tmem41b,transmembrane protein 41B,protein coding gene,ENSMUSG00000047554,233724,GO:0044233,mitochondria-associated endoplasmic reticulum membrane,IDA
rs3686975,RefSNP,MGI:1289225,Tmem41b,transmembrane protein 41B,protein coding gene,ENSMUSG00000047554,233724,GO:0044233,mitochondria-associated endoplasmic reticulum membrane,ISO
rs3686975,RefSNP,MGI:1289225,Tmem41b,transmembrane protein 41B,protein coding gene,ENSMUSG00000047554,233724,GO:0003674,molecular_function,ND
rs3686975,RefSNP,MGI:1289225,Tmem41b,transmembrane protein 41B,protein coding gene,ENSMUSG00000047554,233724,GO:0007399,nervous system development,IEA
rs3697959,RefSNP,MGI:1922799,1700019L22Rik,RIKEN cDNA 1700019L22 gene,lncRNA gene,,75549,,,
rs3697959,RefSNP,MGI:2442759,C130073E24Rik,RIKEN cDNA C130073E24 gene,lncRNA gene,ENSMUSG00000110246,319805,,,
rs3697959,RefSNP,MGI:3764281,D8Dcr17,"DNA Segment, Chr 8, Derry C. Roopenian 17",DNA segment,,,,,
rs3697959,RefSNP,MGI:100205,D8Mit205,"DNA segment, Chr 8, Massachusetts Institute of Technology 205",DNA segment,,61647,,,
rs6175921,,No associated gene,,,,,,,,
rs13478570,RefSNP,MGI:1923831,Wipi2,"WD repeat domain, phosphoinositide interacting 2",protein coding gene,ENSMUSG00000029578,74781,GO:0005776,autophagosome,IDA
rs13478570,RefSNP,MGI:1923831,Wipi2,"WD repeat domain, phosphoinositide interacting 2",protein coding gene,ENSMUSG00000029578,74781,GO:0000045,autophagosome assembly,ISO
rs13478570,RefSNP,MGI:1923831,Wipi2,"WD repeat domain, phosphoinositide interacting 2",protein coding gene,ENSMUSG00000029578,74781,GO:0006914,autophagy,IEA
rs13478570,RefSNP,MGI:1923831,Wipi2,"WD repeat domain, phosphoinositide interacting 2",protein coding gene,ENSMUSG00000029578,74781,GO:0009267,cellular response to starvation,ISO
rs13478570,RefSNP,MGI:1923831,Wipi2,"WD repeat domain, phosphoinositide interacting 2",protein coding gene,ENSMUSG00000029578,74781,GO:0005829,cytosol,ISO
rs13478570,RefSNP,MGI:1923831,Wipi2,"WD repeat domain, phosphoinositide interacting 2",protein coding gene,ENSMUSG00000029578,74781,GO:0008289,lipid binding,IEA
rs13478570,RefSNP,MGI:1923831,Wipi2,"WD repeat domain, phosphoinositide interacting 2",protein coding gene,ENSMUSG00000029578,74781,GO:0016020,membrane,ISO
rs13478570,RefSNP,MGI:1923831,Wipi2,"WD repeat domain, phosphoinositide interacting 2",protein coding gene,ENSMUSG00000029578,74781,GO:0005654,nucleoplasm,ISO
rs13478570,RefSNP,MGI:1923831,Wipi2,"WD repeat domain, phosphoinositide interacting 2",protein coding gene,ENSMUSG00000029578,74781,GO:0000407,phagophore assembly site,IDA
rs13478570,RefSNP,MGI:1923831,Wipi2,"WD repeat domain, phosphoinositide interacting 2",protein coding gene,ENSMUSG00000029578,74781,GO:0000407,phagophore assembly site,ISO
rs13478570,RefSNP,MGI:1923831,Wipi2,"WD repeat domain, phosphoinositide interacting 2",protein coding gene,ENSMUSG00000029578,74781,GO:0034045,phagophore assembly site membrane,ISO
rs13478570,RefSNP,MGI:1923831,Wipi2,"WD repeat domain, phosphoinositide interacting 2",protein coding gene,ENSMUSG00000029578,74781,GO:0080025,"phosphatidylinositol-3,5-bisphosphate binding",ISO
rs13478570,RefSNP,MGI:1923831,Wipi2,"WD repeat domain, phosphoinositide interacting 2",protein coding gene,ENSMUSG00000029578,74781,GO:0032266,phosphatidylinositol-3-phosphate binding,IDA
rs13478570,RefSNP,MGI:1923831,Wipi2,"WD repeat domain, phosphoinositide interacting 2",protein coding gene,ENSMUSG00000029578,74781,GO:0032266,phosphatidylinositol-3-phosphate binding,ISO
rs13478570,RefSNP,MGI:1923831,Wipi2,"WD repeat domain, phosphoinositide interacting 2",protein coding gene,ENSMUSG00000029578,74781,GO:0010314,phosphatidylinositol-5-phosphate binding,ISO
rs13478570,RefSNP,MGI:1923831,Wipi2,"WD repeat domain, phosphoinositide interacting 2",protein coding gene,ENSMUSG00000029578,74781,GO:0005515,protein binding,IPI
rs13478570,RefSNP,MGI:1923831,Wipi2,"WD repeat domain, phosphoinositide interacting 2",protein coding gene,ENSMUSG00000029578,74781,GO:0032991,protein-containing complex,ISO
rs13478570,RefSNP,MGI:1923831,Wipi2,"WD repeat domain, phosphoinositide interacting 2",protein coding gene,ENSMUSG00000029578,74781,GO:0061739,protein lipidation involved in autophagosome assembly,IDA
rs13478570,RefSNP,MGI:1923831,Wipi2,"WD repeat domain, phosphoinositide interacting 2",protein coding gene,ENSMUSG00000029578,74781,GO:0034497,protein localization to phagophore assembly site,IPI
rs13478570,RefSNP,MGI:1923831,Wipi2,"WD repeat domain, phosphoinositide interacting 2",protein coding gene,ENSMUSG00000029578,74781,GO:0034497,protein localization to phagophore assembly site,ISO
rs13478570,RefSNP,MGI:1923831,Wipi2,"WD repeat domain, phosphoinositide interacting 2",protein coding gene,ENSMUSG00000029578,74781,GO:0098792,xenophagy,IPI
rs13480793,RefSNP,MGI:5623669,Gm40784,"predicted gene, 40784",lncRNA gene,,105245309,,,
rs13481249,RefSNP,MGI:6039706,Tssr111939,transcription start site region 111939,TSS region,,,,,
rs13481249,RefSNP,MGI:2444266,Ube2o,ubiquitin-conjugating enzyme E2O,protein coding gene,ENSMUSG00000020802,217342,GO:0005524,ATP binding,IEA
rs13481249,RefSNP,MGI:2444266,Ube2o,ubiquitin-conjugating enzyme E2O,protein coding gene,ENSMUSG00000020802,217342,GO:0005737,cytoplasm,ISO
rs13481249,RefSNP,MGI:2444266,Ube2o,ubiquitin-conjugating enzyme E2O,protein coding gene,ENSMUSG00000020802,217342,GO:0016604,nuclear body,ISO
rs13481249,RefSNP,MGI:2444266,Ube2o,ubiquitin-conjugating enzyme E2O,protein coding gene,ENSMUSG00000020802,217342,GO:0005654,nucleoplasm,ISO
rs13481249,RefSNP,MGI:2444266,Ube2o,ubiquitin-conjugating enzyme E2O,protein coding gene,ENSMUSG00000020802,217342,GO:0000166,nucleotide binding,IEA
rs13481249,RefSNP,MGI:2444266,Ube2o,ubiquitin-conjugating enzyme E2O,protein coding gene,ENSMUSG00000020802,217342,GO:0005634,nucleus,ISO
rs13481249,RefSNP,MGI:2444266,Ube2o,ubiquitin-conjugating enzyme E2O,protein coding gene,ENSMUSG00000020802,217342,GO:0030513,positive regulation of BMP signaling pathway,ISO
rs13481249,RefSNP,MGI:2444266,Ube2o,ubiquitin-conjugating enzyme E2O,protein coding gene,ENSMUSG00000020802,217342,GO:0005515,protein binding,IPI
rs13481249,RefSNP,MGI:2444266,Ube2o,ubiquitin-conjugating enzyme E2O,protein coding gene,ENSMUSG00000020802,217342,GO:0070534,protein K63-linked ubiquitination,ISO
rs13481249,RefSNP,MGI:2444266,Ube2o,ubiquitin-conjugating enzyme E2O,protein coding gene,ENSMUSG00000020802,217342,GO:0006513,protein monoubiquitination,ISO
rs13481249,RefSNP,MGI:2444266,Ube2o,ubiquitin-conjugating enzyme E2O,protein coding gene,ENSMUSG00000020802,217342,GO:0042147,"retrograde transport, endosome to Golgi",ISO
rs13481249,RefSNP,MGI:2444266,Ube2o,ubiquitin-conjugating enzyme E2O,protein coding gene,ENSMUSG00000020802,217342,GO:0016740,transferase activity,IEA
rs13481249,RefSNP,MGI:2444266,Ube2o,ubiquitin-conjugating enzyme E2O,protein coding gene,ENSMUSG00000020802,217342,GO:0061631,ubiquitin conjugating enzyme activity,ISO
rs13481249,RefSNP,MGI:2444266,Ube2o,ubiquitin-conjugating enzyme E2O,protein coding gene,ENSMUSG00000020802,217342,GO:0061630,ubiquitin protein ligase activity,ISO
rs13481249,RefSNP,MGI:2444266,Ube2o,ubiquitin-conjugating enzyme E2O,protein coding gene,ENSMUSG00000020802,217342,GO:0004842,ubiquitin-protein transferase activity,ISO
rs13469412,RefSNP,MGI:1913420,Chchd5,coiled-coil-helix-coiled-coil-helix domain containing 5,protein coding gene,ENSMUSG00000037938,66170,GO:0005739,mitochondrion,IEA
rs13469412,RefSNP,MGI:1913420,Chchd5,coiled-coil-helix-coiled-coil-helix domain containing 5,protein coding gene,ENSMUSG00000037938,66170,GO:0003674,molecular_function,ND
rs13479196,RefSNP,MGI:5993696,Tssr65929,transcription start site region 65929,TSS region,,,,,
rs13479196,RefSNP,MGI:5999835,Tssr72068,transcription start site region 72068,TSS region,,,,,
rs13479196,RefSNP,MGI:1926102,Zfp536,zinc finger protein 536,protein coding gene,ENSMUSG00000043456,243937,GO:0003677,DNA binding,IEA
rs13479196,RefSNP,MGI:1926102,Zfp536,zinc finger protein 536,protein coding gene,ENSMUSG00000043456,243937,GO:0001227,"DNA-binding transcription repressor activity, RNA polymerase II-specific",ISO
rs13479196,RefSNP,MGI:1926102,Zfp536,zinc finger protein 536,protein coding gene,ENSMUSG00000043456,243937,GO:0046872,metal ion binding,IEA
rs13479196,RefSNP,MGI:1926102,Zfp536,zinc finger protein 536,protein coding gene,ENSMUSG00000043456,243937,GO:0045665,negative regulation of neuron differentiation,IDA
rs13479196,RefSNP,MGI:1926102,Zfp536,zinc finger protein 536,protein coding gene,ENSMUSG00000043456,243937,GO:0048387,negative regulation of retinoic acid receptor signaling pathway,IDA
rs13479196,RefSNP,MGI:1926102,Zfp536,zinc finger protein 536,protein coding gene,ENSMUSG00000043456,243937,GO:0000122,negative regulation of transcription by RNA polymerase II,ISO
rs13479196,RefSNP,MGI:1926102,Zfp536,zinc finger protein 536,protein coding gene,ENSMUSG00000043456,243937,GO:0003676,nucleic acid binding,IEA
rs13479196,RefSNP,MGI:1926102,Zfp536,zinc finger protein 536,protein coding gene,ENSMUSG00000043456,243937,GO:0005634,nucleus,IC
rs13479196,RefSNP,MGI:1926102,Zfp536,zinc finger protein 536,protein coding gene,ENSMUSG00000043456,243937,GO:0044323,retinoic acid-responsive element binding,IDA
rs13479196,RefSNP,MGI:1926102,Zfp536,zinc finger protein 536,protein coding gene,ENSMUSG00000043456,243937,GO:0000978,RNA polymerase II cis-regulatory region sequence-specific DNA binding,ISO
rs3163007,RefSNP,MGI:1935151,Klf7,Kruppel-like factor 7 (ubiquitous),protein coding gene,ENSMUSG00000025959,93691,GO:0007411,axon guidance,IMP
rs3163007,RefSNP,MGI:1935151,Klf7,Kruppel-like factor 7 (ubiquitous),protein coding gene,ENSMUSG00000025959,93691,GO:0007409,axonogenesis,IMP
rs3163007,RefSNP,MGI:1935151,Klf7,Kruppel-like factor 7 (ubiquitous),protein coding gene,ENSMUSG00000025959,93691,GO:0048813,dendrite morphogenesis,IMP
rs3163007,RefSNP,MGI:1935151,Klf7,Kruppel-like factor 7 (ubiquitous),protein coding gene,ENSMUSG00000025959,93691,GO:0003677,DNA binding,IDA
rs3163007,RefSNP,MGI:1935151,Klf7,Kruppel-like factor 7 (ubiquitous),protein coding gene,ENSMUSG00000025959,93691,GO:0003677,DNA binding,ISS
rs3163007,RefSNP,MGI:1935151,Klf7,Kruppel-like factor 7 (ubiquitous),protein coding gene,ENSMUSG00000025959,93691,GO:0001228,"DNA-binding transcription activator activity, RNA polymerase II-specific",ISO
rs3163007,RefSNP,MGI:1935151,Klf7,Kruppel-like factor 7 (ubiquitous),protein coding gene,ENSMUSG00000025959,93691,GO:0003700,DNA-binding transcription factor activity,IDA
rs3163007,RefSNP,MGI:1935151,Klf7,Kruppel-like factor 7 (ubiquitous),protein coding gene,ENSMUSG00000025959,93691,GO:0000981,"DNA-binding transcription factor activity, RNA polymerase II-specific",ISO
rs3163007,RefSNP,MGI:1935151,Klf7,Kruppel-like factor 7 (ubiquitous),protein coding gene,ENSMUSG00000025959,93691,GO:0042593,glucose homeostasis,ISO
rs3163007,RefSNP,MGI:1935151,Klf7,Kruppel-like factor 7 (ubiquitous),protein coding gene,ENSMUSG00000025959,93691,GO:0046872,metal ion binding,IEA
rs3163007,RefSNP,MGI:1935151,Klf7,Kruppel-like factor 7 (ubiquitous),protein coding gene,ENSMUSG00000025959,93691,GO:1904178,negative regulation of adipose tissue development,ISO
rs3163007,RefSNP,MGI:1935151,Klf7,Kruppel-like factor 7 (ubiquitous),protein coding gene,ENSMUSG00000025959,93691,GO:0061179,negative regulation of insulin secretion involved in cellular response to glucose stimulus,ISO
rs3163007,RefSNP,MGI:1935151,Klf7,Kruppel-like factor 7 (ubiquitous),protein coding gene,ENSMUSG00000025959,93691,GO:0000122,negative regulation of transcription by RNA polymerase II,ISO
rs3163007,RefSNP,MGI:1935151,Klf7,Kruppel-like factor 7 (ubiquitous),protein coding gene,ENSMUSG00000025959,93691,GO:0003676,nucleic acid binding,IEA
rs3163007,RefSNP,MGI:1935151,Klf7,Kruppel-like factor 7 (ubiquitous),protein coding gene,ENSMUSG00000025959,93691,GO:0005634,nucleus,ISO
rs3163007,RefSNP,MGI:1935151,Klf7,Kruppel-like factor 7 (ubiquitous),protein coding gene,ENSMUSG00000025959,93691,GO:0045944,positive regulation of transcription by RNA polymerase II,ISO
rs3163007,RefSNP,MGI:1935151,Klf7,Kruppel-like factor 7 (ubiquitous),protein coding gene,ENSMUSG00000025959,93691,GO:0045893,"positive regulation of transcription, DNA-templated",IDA
rs3163007,RefSNP,MGI:1935151,Klf7,Kruppel-like factor 7 (ubiquitous),protein coding gene,ENSMUSG00000025959,93691,GO:0005515,protein binding,IPI
rs3163007,RefSNP,MGI:1935151,Klf7,Kruppel-like factor 7 (ubiquitous),protein coding gene,ENSMUSG00000025959,93691,GO:0045604,regulation of epidermal cell differentiation,ISO
rs3163007,RefSNP,MGI:1935151,Klf7,Kruppel-like factor 7 (ubiquitous),protein coding gene,ENSMUSG00000025959,93691,GO:0000978,RNA polymerase II cis-regulatory region sequence-specific DNA binding,ISO
rs3163007,RefSNP,MGI:5530766,Mir6899,microRNA 6899,miRNA gene,ENSMUSG00000098487,102466760,,,
rs3163007,RefSNP,MGI:5939670,Tssr11903,transcription start site region 11903,TSS region,,,,,
rs3162895,RefSNP,MGI:5579687,Gm28981,predicted gene 28981,lncRNA gene,ENSMUSG00000101895,,,,
rs3162895,RefSNP,MGI:5595039,Gm35880,"predicted gene, 35880",lncRNA gene,,102639609,,,
rs6212146,,No associated gene,,,,,,,,
rs3689073,RefSNP,MGI:104747,Pkia,"protein kinase inhibitor, alpha",protein coding gene,ENSMUSG00000027499,18767,GO:0004862,cAMP-dependent protein kinase inhibitor activity,IDA
rs3689073,RefSNP,MGI:104747,Pkia,"protein kinase inhibitor, alpha",protein coding gene,ENSMUSG00000027499,18767,GO:0004862,cAMP-dependent protein kinase inhibitor activity,ISO
rs3689073,RefSNP,MGI:104747,Pkia,"protein kinase inhibitor, alpha",protein coding gene,ENSMUSG00000027499,18767,GO:0005737,cytoplasm,IDA
rs3689073,RefSNP,MGI:104747,Pkia,"protein kinase inhibitor, alpha",protein coding gene,ENSMUSG00000027499,18767,GO:2000480,negative regulation of cAMP-dependent protein kinase activity,ISO
rs3689073,RefSNP,MGI:104747,Pkia,"protein kinase inhibitor, alpha",protein coding gene,ENSMUSG00000027499,18767,GO:0043086,negative regulation of catalytic activity,IDA
rs3689073,RefSNP,MGI:104747,Pkia,"protein kinase inhibitor, alpha",protein coding gene,ENSMUSG00000027499,18767,GO:0042308,negative regulation of protein import into nucleus,IDA
rs3689073,RefSNP,MGI:104747,Pkia,"protein kinase inhibitor, alpha",protein coding gene,ENSMUSG00000027499,18767,GO:0006469,negative regulation of protein kinase activity,IDA
rs3689073,RefSNP,MGI:104747,Pkia,"protein kinase inhibitor, alpha",protein coding gene,ENSMUSG00000027499,18767,GO:0000122,negative regulation of transcription by RNA polymerase II,IDA
rs3689073,RefSNP,MGI:104747,Pkia,"protein kinase inhibitor, alpha",protein coding gene,ENSMUSG00000027499,18767,GO:0005634,nucleus,IDA
rs3689073,RefSNP,MGI:104747,Pkia,"protein kinase inhibitor, alpha",protein coding gene,ENSMUSG00000027499,18767,GO:0005515,protein binding,IPI
rs3689073,RefSNP,MGI:104747,Pkia,"protein kinase inhibitor, alpha",protein coding gene,ENSMUSG00000027499,18767,GO:0034236,protein kinase A catalytic subunit binding,IPI
rs3689073,RefSNP,MGI:104747,Pkia,"protein kinase inhibitor, alpha",protein coding gene,ENSMUSG00000027499,18767,GO:0034236,protein kinase A catalytic subunit binding,ISO
rs3689073,RefSNP,MGI:104747,Pkia,"protein kinase inhibitor, alpha",protein coding gene,ENSMUSG00000027499,18767,GO:0004860,protein kinase inhibitor activity,IEA
rs3689073,RefSNP,MGI:104747,Pkia,"protein kinase inhibitor, alpha",protein coding gene,ENSMUSG00000027499,18767,GO:0010389,regulation of G2/M transition of mitotic cell cycle,IMP
rs13476961,RefSNP,MGI:92531,D3Mit60,"DNA segment, Chr 3, Massachusetts Institute of Technology 60",DNA segment,,85041,,,
rs6322205,,No associated gene,,,,,,,,
rs13479755,,No associated gene,,,,,,,,
rs6244635,,No associated gene,,,,,,,,
rs13479654,RefSNP,MGI:2443510,Tacc1,"transforming, acidic coiled-coil containing protein 1",protein coding gene,ENSMUSG00000065954,320165,GO:0007049,cell cycle,IEA
rs13479654,RefSNP,MGI:2443510,Tacc1,"transforming, acidic coiled-coil containing protein 1",protein coding gene,ENSMUSG00000065954,320165,GO:0051301,cell division,IEA
rs13479654,RefSNP,MGI:2443510,Tacc1,"transforming, acidic coiled-coil containing protein 1",protein coding gene,ENSMUSG00000065954,320165,GO:0008283,cell population proliferation,IMP
rs13479654,RefSNP,MGI:2443510,Tacc1,"transforming, acidic coiled-coil containing protein 1",protein coding gene,ENSMUSG00000065954,320165,GO:0021987,cerebral cortex development,IMP
rs13479654,RefSNP,MGI:2443510,Tacc1,"transforming, acidic coiled-coil containing protein 1",protein coding gene,ENSMUSG00000065954,320165,GO:0005856,cytoskeleton,IEA
rs13479654,RefSNP,MGI:2443510,Tacc1,"transforming, acidic coiled-coil containing protein 1",protein coding gene,ENSMUSG00000065954,320165,GO:0005829,cytosol,ISO
rs13479654,RefSNP,MGI:2443510,Tacc1,"transforming, acidic coiled-coil containing protein 1",protein coding gene,ENSMUSG00000065954,320165,GO:0030331,estrogen receptor binding,ISO
rs13479654,RefSNP,MGI:2443510,Tacc1,"transforming, acidic coiled-coil containing protein 1",protein coding gene,ENSMUSG00000065954,320165,GO:0035259,glucocorticoid receptor binding,ISO
rs13479654,RefSNP,MGI:2443510,Tacc1,"transforming, acidic coiled-coil containing protein 1",protein coding gene,ENSMUSG00000065954,320165,GO:0022027,interkinetic nuclear migration,IMP
rs13479654,RefSNP,MGI:2443510,Tacc1,"transforming, acidic coiled-coil containing protein 1",protein coding gene,ENSMUSG00000065954,320165,GO:0000226,microtubule cytoskeleton organization,IMP
rs13479654,RefSNP,MGI:2443510,Tacc1,"transforming, acidic coiled-coil containing protein 1",protein coding gene,ENSMUSG00000065954,320165,GO:0007052,mitotic spindle organization,IEA
rs13479654,RefSNP,MGI:2443510,Tacc1,"transforming, acidic coiled-coil containing protein 1",protein coding gene,ENSMUSG00000065954,320165,GO:0022008,neurogenesis,IMP
rs13479654,RefSNP,MGI:2443510,Tacc1,"transforming, acidic coiled-coil containing protein 1",protein coding gene,ENSMUSG00000065954,320165,GO:0016922,nuclear receptor binding,ISO
rs13479654,RefSNP,MGI:2443510,Tacc1,"transforming, acidic coiled-coil containing protein 1",protein coding gene,ENSMUSG00000065954,320165,GO:0005634,nucleus,IEA
rs13479654,RefSNP,MGI:2443510,Tacc1,"transforming, acidic coiled-coil containing protein 1",protein coding gene,ENSMUSG00000065954,320165,GO:0042975,peroxisome proliferator activated receptor binding,IDA
rs13479654,RefSNP,MGI:2443510,Tacc1,"transforming, acidic coiled-coil containing protein 1",protein coding gene,ENSMUSG00000065954,320165,GO:0042975,peroxisome proliferator activated receptor binding,ISO
rs13479654,RefSNP,MGI:2443510,Tacc1,"transforming, acidic coiled-coil containing protein 1",protein coding gene,ENSMUSG00000065954,320165,GO:2000327,positive regulation of nuclear receptor transcription coactivator activity,ISO
rs13479654,RefSNP,MGI:2443510,Tacc1,"transforming, acidic coiled-coil containing protein 1",protein coding gene,ENSMUSG00000065954,320165,GO:0019904,protein domain specific binding,IPI
rs13479654,RefSNP,MGI:2443510,Tacc1,"transforming, acidic coiled-coil containing protein 1",protein coding gene,ENSMUSG00000065954,320165,GO:0032886,regulation of microtubule-based process,IMP
rs13479654,RefSNP,MGI:2443510,Tacc1,"transforming, acidic coiled-coil containing protein 1",protein coding gene,ENSMUSG00000065954,320165,GO:0042974,retinoic acid receptor binding,IDA
rs13479654,RefSNP,MGI:2443510,Tacc1,"transforming, acidic coiled-coil containing protein 1",protein coding gene,ENSMUSG00000065954,320165,GO:0042974,retinoic acid receptor binding,ISO
rs13479654,RefSNP,MGI:2443510,Tacc1,"transforming, acidic coiled-coil containing protein 1",protein coding gene,ENSMUSG00000065954,320165,GO:0046965,retinoid X receptor binding,IDA
rs13479654,RefSNP,MGI:2443510,Tacc1,"transforming, acidic coiled-coil containing protein 1",protein coding gene,ENSMUSG00000065954,320165,GO:0046965,retinoid X receptor binding,ISO
rs13479654,RefSNP,MGI:2443510,Tacc1,"transforming, acidic coiled-coil containing protein 1",protein coding gene,ENSMUSG00000065954,320165,GO:0046966,thyroid hormone receptor binding,IDA
rs13479654,RefSNP,MGI:2443510,Tacc1,"transforming, acidic coiled-coil containing protein 1",protein coding gene,ENSMUSG00000065954,320165,GO:0046966,thyroid hormone receptor binding,ISO
rs3725706,RefSNP,MGI:1289213,D3Ertd751e,"DNA segment, Chr 3, ERATO Doi 751, expressed",protein coding gene,ENSMUSG00000025766,73852,GO:0008150,biological_process,ND
rs3725706,RefSNP,MGI:1289213,D3Ertd751e,"DNA segment, Chr 3, ERATO Doi 751, expressed",protein coding gene,ENSMUSG00000025766,73852,GO:0005575,cellular_component,ND
rs3725706,RefSNP,MGI:1289213,D3Ertd751e,"DNA segment, Chr 3, ERATO Doi 751, expressed",protein coding gene,ENSMUSG00000025766,73852,GO:0003674,molecular_function,ND
rs13476396,,No associated gene,,,,,,,,
rs6324747,,No associated gene,,,,,,,,
rs3718146,,No associated gene,,,,,,,,
rs13477755,,No associated gene,,,,,,,,
rs3672384,RefSNP,MGI:5622948,Gm40063,"predicted gene, 40063",lncRNA gene,,105244458,,,
rs13482019,RefSNP,MGI:5623952,Gm41067,"predicted gene, 41067",lncRNA gene,,105245639,,,
rs3694031,RefSNP,MGI:5683933,Cpgi18858,CpG island 18858,CpG island,,,,,
rs3694031,RefSNP,MGI:97542,Pepd,peptidase D,protein coding gene,ENSMUSG00000063931,18624,GO:0004177,aminopeptidase activity,IEA
rs3694031,RefSNP,MGI:97542,Pepd,peptidase D,protein coding gene,ENSMUSG00000063931,18624,GO:0030574,collagen catabolic process,IEA
rs3694031,RefSNP,MGI:97542,Pepd,peptidase D,protein coding gene,ENSMUSG00000063931,18624,GO:0016805,dipeptidase activity,IEA
rs3694031,RefSNP,MGI:97542,Pepd,peptidase D,protein coding gene,ENSMUSG00000063931,18624,GO:0016787,hydrolase activity,IEA
rs3694031,RefSNP,MGI:97542,Pepd,peptidase D,protein coding gene,ENSMUSG00000063931,18624,GO:0030145,manganese ion binding,IEA
rs3694031,RefSNP,MGI:97542,Pepd,peptidase D,protein coding gene,ENSMUSG00000063931,18624,GO:0046872,metal ion binding,IEA
rs3694031,RefSNP,MGI:97542,Pepd,peptidase D,protein coding gene,ENSMUSG00000063931,18624,GO:0008237,metallopeptidase activity,IEA
rs3694031,RefSNP,MGI:97542,Pepd,peptidase D,protein coding gene,ENSMUSG00000063931,18624,GO:0008233,peptidase activity,IDA
rs3694031,RefSNP,MGI:97542,Pepd,peptidase D,protein coding gene,ENSMUSG00000063931,18624,GO:0102009,proline dipeptidase activity,IEA
rs3694031,RefSNP,MGI:97542,Pepd,peptidase D,protein coding gene,ENSMUSG00000063931,18624,GO:0006508,proteolysis,IBA
rs3663861,,No associated gene,,,,,,,,
rs13482018,RefSNP,MGI:102670,Ddx4,DEAD box helicase 4,protein coding gene,ENSMUSG00000021758,13206,GO:0016887,ATPase activity,IMP
rs13482018,RefSNP,MGI:102670,Ddx4,DEAD box helicase 4,protein coding gene,ENSMUSG00000021758,13206,GO:0005524,ATP binding,IEA
rs13482018,RefSNP,MGI:102670,Ddx4,DEAD box helicase 4,protein coding gene,ENSMUSG00000021758,13206,GO:0033391,chromatoid body,IDA
rs13482018,RefSNP,MGI:102670,Ddx4,DEAD box helicase 4,protein coding gene,ENSMUSG00000021758,13206,GO:0033391,chromatoid body,ISO
rs13482018,RefSNP,MGI:102670,Ddx4,DEAD box helicase 4,protein coding gene,ENSMUSG00000021758,13206,GO:0005737,cytoplasm,IDA
rs13482018,RefSNP,MGI:102670,Ddx4,DEAD box helicase 4,protein coding gene,ENSMUSG00000021758,13206,GO:0005737,cytoplasm,IDA
rs13482018,RefSNP,MGI:102670,Ddx4,DEAD box helicase 4,protein coding gene,ENSMUSG00000021758,13206,GO:0005737,cytoplasm,ISO
rs13482018,RefSNP,MGI:102670,Ddx4,DEAD box helicase 4,protein coding gene,ENSMUSG00000021758,13206,GO:0043046,DNA methylation involved in gamete generation,IMP
rs13482018,RefSNP,MGI:102670,Ddx4,DEAD box helicase 4,protein coding gene,ENSMUSG00000021758,13206,GO:0030317,flagellated sperm motility,ISO
rs13482018,RefSNP,MGI:102670,Ddx4,DEAD box helicase 4,protein coding gene,ENSMUSG00000021758,13206,GO:0031047,gene silencing by RNA,IEA
rs13482018,RefSNP,MGI:102670,Ddx4,DEAD box helicase 4,protein coding gene,ENSMUSG00000021758,13206,GO:0004386,helicase activity,IEA
rs13482018,RefSNP,MGI:102670,Ddx4,DEAD box helicase 4,protein coding gene,ENSMUSG00000021758,13206,GO:0016787,hydrolase activity,IEA
rs13482018,RefSNP,MGI:102670,Ddx4,DEAD box helicase 4,protein coding gene,ENSMUSG00000021758,13206,GO:0007141,male meiosis I,IMP
rs13482018,RefSNP,MGI:102670,Ddx4,DEAD box helicase 4,protein coding gene,ENSMUSG00000021758,13206,GO:0007140,male meiotic nuclear division,IMP
rs13482018,RefSNP,MGI:102670,Ddx4,DEAD box helicase 4,protein coding gene,ENSMUSG00000021758,13206,GO:0051321,meiotic cell cycle,IEA
rs13482018,RefSNP,MGI:102670,Ddx4,DEAD box helicase 4,protein coding gene,ENSMUSG00000021758,13206,GO:0007275,multicellular organism development,IEA
rs13482018,RefSNP,MGI:102670,Ddx4,DEAD box helicase 4,protein coding gene,ENSMUSG00000021758,13206,GO:0010529,negative regulation of transposition,IMP
rs13482018,RefSNP,MGI:102670,Ddx4,DEAD box helicase 4,protein coding gene,ENSMUSG00000021758,13206,GO:0003676,nucleic acid binding,IEA
rs13482018,RefSNP,MGI:102670,Ddx4,DEAD box helicase 4,protein coding gene,ENSMUSG00000021758,13206,GO:0000166,nucleotide binding,IEA
rs13482018,RefSNP,MGI:102670,Ddx4,DEAD box helicase 4,protein coding gene,ENSMUSG00000021758,13206,GO:0005634,nucleus,IDA
rs13482018,RefSNP,MGI:102670,Ddx4,DEAD box helicase 4,protein coding gene,ENSMUSG00000021758,13206,GO:0048471,perinuclear region of cytoplasm,IDA
rs13482018,RefSNP,MGI:102670,Ddx4,DEAD box helicase 4,protein coding gene,ENSMUSG00000021758,13206,GO:0048471,perinuclear region of cytoplasm,IDA
rs13482018,RefSNP,MGI:102670,Ddx4,DEAD box helicase 4,protein coding gene,ENSMUSG00000021758,13206,GO:0048471,perinuclear region of cytoplasm,ISO
rs13482018,RefSNP,MGI:102670,Ddx4,DEAD box helicase 4,protein coding gene,ENSMUSG00000021758,13206,GO:0071546,pi-body,IDA
rs13482018,RefSNP,MGI:102670,Ddx4,DEAD box helicase 4,protein coding gene,ENSMUSG00000021758,13206,GO:0071547,piP-body,IDA
rs13482018,RefSNP,MGI:102670,Ddx4,DEAD box helicase 4,protein coding gene,ENSMUSG00000021758,13206,GO:1990511,piRNA biosynthetic process,IMP
rs13482018,RefSNP,MGI:102670,Ddx4,DEAD box helicase 4,protein coding gene,ENSMUSG00000021758,13206,GO:0034587,piRNA metabolic process,IMP
rs13482018,RefSNP,MGI:102670,Ddx4,DEAD box helicase 4,protein coding gene,ENSMUSG00000021758,13206,GO:0005515,protein binding,IPI
rs13482018,RefSNP,MGI:102670,Ddx4,DEAD box helicase 4,protein coding gene,ENSMUSG00000021758,13206,GO:0032880,regulation of protein localization,IMP
rs13482018,RefSNP,MGI:102670,Ddx4,DEAD box helicase 4,protein coding gene,ENSMUSG00000021758,13206,GO:1990904,ribonucleoprotein complex,IDA
rs13482018,RefSNP,MGI:102670,Ddx4,DEAD box helicase 4,protein coding gene,ENSMUSG00000021758,13206,GO:0007283,spermatogenesis,IMP
rs3719853,RefSNP,MGI:5623954,Gm41069,"predicted gene, 41069",lncRNA gene,,105245641,,,
rs3719311,RefSNP,MGI:5683920,Cpgi18845,CpG island 18845,CpG island,,,,,
rs3719311,RefSNP,MGI:3702543,Gm12758,predicted gene 12758,lncRNA gene,ENSMUSG00000085105,100126229,GO:0008150,biological_process,ND
rs3719311,RefSNP,MGI:3702543,Gm12758,predicted gene 12758,lncRNA gene,ENSMUSG00000085105,100126229,GO:0005575,cellular_component,ND
rs3719311,RefSNP,MGI:3702543,Gm12758,predicted gene 12758,lncRNA gene,ENSMUSG00000085105,100126229,GO:0003674,molecular_function,ND
rs3719311,RefSNP,MGI:3649976,Gm12762,predicted gene 12762,lncRNA gene,ENSMUSG00000086526,105247247,,,
rs3719311,RefSNP,MGI:5999763,Tssr71996,transcription start site region 71996,TSS region,,,,,
rs3719311,RefSNP,MGI:5999764,Tssr71997,transcription start site region 71997,TSS region,,,,,
rs3719311,RefSNP,MGI:5999765,Tssr71998,transcription start site region 71998,TSS region,,,,,
rs6239372,RefSNP,MGI:1916197,Chst8,carbohydrate sulfotransferase 8,protein coding gene,ENSMUSG00000060402,68947,GO:0016051,carbohydrate biosynthetic process,IEA
rs6239372,RefSNP,MGI:1916197,Chst8,carbohydrate sulfotransferase 8,protein coding gene,ENSMUSG00000060402,68947,GO:0005975,carbohydrate metabolic process,IEA
rs6239372,RefSNP,MGI:1916197,Chst8,carbohydrate sulfotransferase 8,protein coding gene,ENSMUSG00000060402,68947,GO:0005794,Golgi apparatus,IEA
rs6239372,RefSNP,MGI:1916197,Chst8,carbohydrate sulfotransferase 8,protein coding gene,ENSMUSG00000060402,68947,GO:0016021,integral component of membrane,IEA
rs6239372,RefSNP,MGI:1916197,Chst8,carbohydrate sulfotransferase 8,protein coding gene,ENSMUSG00000060402,68947,GO:0016020,membrane,IEA
rs6239372,RefSNP,MGI:1916197,Chst8,carbohydrate sulfotransferase 8,protein coding gene,ENSMUSG00000060402,68947,GO:0001537,N-acetylgalactosamine 4-O-sulfotransferase activity,IDA
rs6239372,RefSNP,MGI:1916197,Chst8,carbohydrate sulfotransferase 8,protein coding gene,ENSMUSG00000060402,68947,GO:0001537,N-acetylgalactosamine 4-O-sulfotransferase activity,ISO
rs6239372,RefSNP,MGI:1916197,Chst8,carbohydrate sulfotransferase 8,protein coding gene,ENSMUSG00000060402,68947,GO:0016486,peptide hormone processing,TAS
rs6239372,RefSNP,MGI:1916197,Chst8,carbohydrate sulfotransferase 8,protein coding gene,ENSMUSG00000060402,68947,GO:0030166,proteoglycan biosynthetic process,IDA
rs6239372,RefSNP,MGI:1916197,Chst8,carbohydrate sulfotransferase 8,protein coding gene,ENSMUSG00000060402,68947,GO:0030166,proteoglycan biosynthetic process,ISO
rs6239372,RefSNP,MGI:1916197,Chst8,carbohydrate sulfotransferase 8,protein coding gene,ENSMUSG00000060402,68947,GO:0006790,sulfur compound metabolic process,ISO
rs6239372,RefSNP,MGI:1916197,Chst8,carbohydrate sulfotransferase 8,protein coding gene,ENSMUSG00000060402,68947,GO:0016740,transferase activity,IEA
rs3694208,RefSNP,MGI:2443181,Dlgap2,DLG associated protein 2,protein coding gene,ENSMUSG00000047495,244310,GO:0030054,cell junction,IEA
rs3694208,RefSNP,MGI:2443181,Dlgap2,DLG associated protein 2,protein coding gene,ENSMUSG00000047495,244310,GO:0030425,dendrite,ISO
rs3694208,RefSNP,MGI:2443181,Dlgap2,DLG associated protein 2,protein coding gene,ENSMUSG00000047495,244310,GO:0043197,dendritic spine,ISO
rs3694208,RefSNP,MGI:2443181,Dlgap2,DLG associated protein 2,protein coding gene,ENSMUSG00000047495,244310,GO:0016020,membrane,IEA
rs3694208,RefSNP,MGI:2443181,Dlgap2,DLG associated protein 2,protein coding gene,ENSMUSG00000047495,244310,GO:0007270,neuron-neuron synaptic transmission,IEA
rs3694208,RefSNP,MGI:2443181,Dlgap2,DLG associated protein 2,protein coding gene,ENSMUSG00000047495,244310,GO:0005886,plasma membrane,IEA
rs3694208,RefSNP,MGI:2443181,Dlgap2,DLG associated protein 2,protein coding gene,ENSMUSG00000047495,244310,GO:0019904,protein domain specific binding,ISO
rs3694208,RefSNP,MGI:2443181,Dlgap2,DLG associated protein 2,protein coding gene,ENSMUSG00000047495,244310,GO:0098962,regulation of postsynaptic neurotransmitter receptor activity,IDA
rs3694208,RefSNP,MGI:2443181,Dlgap2,DLG associated protein 2,protein coding gene,ENSMUSG00000047495,244310,GO:0098962,regulation of postsynaptic neurotransmitter receptor activity,IMP
rs3694208,RefSNP,MGI:2443181,Dlgap2,DLG associated protein 2,protein coding gene,ENSMUSG00000047495,244310,GO:0023052,signaling,IEA
rs3694208,RefSNP,MGI:2443181,Dlgap2,DLG associated protein 2,protein coding gene,ENSMUSG00000047495,244310,GO:0045202,synapse,IEA
rs3679439,,No associated gene,,,,,,,,
rs13482016,,No associated gene,,,,,,,,
rs3708535,RefSNP,MGI:1927222,Diaph3,diaphanous related formin 3,protein coding gene,ENSMUSG00000022021,56419,GO:0003779,actin binding,IEA
rs3708535,RefSNP,MGI:1927222,Diaph3,diaphanous related formin 3,protein coding gene,ENSMUSG00000022021,56419,GO:0030036,actin cytoskeleton organization,IDA
rs3708535,RefSNP,MGI:1927222,Diaph3,diaphanous related formin 3,protein coding gene,ENSMUSG00000022021,56419,GO:0030041,actin filament polymerization,IDA
rs3708535,RefSNP,MGI:1927222,Diaph3,diaphanous related formin 3,protein coding gene,ENSMUSG00000022021,56419,GO:0016043,cellular component organization,IEA
rs3708535,RefSNP,MGI:1927222,Diaph3,diaphanous related formin 3,protein coding gene,ENSMUSG00000022021,56419,GO:0005737,cytoplasm,IDA
rs3708535,RefSNP,MGI:1927222,Diaph3,diaphanous related formin 3,protein coding gene,ENSMUSG00000022021,56419,GO:0005737,cytoplasm,ISO
rs3708535,RefSNP,MGI:1927222,Diaph3,diaphanous related formin 3,protein coding gene,ENSMUSG00000022021,56419,GO:0007010,cytoskeleton organization,IDA
rs3708535,RefSNP,MGI:1927222,Diaph3,diaphanous related formin 3,protein coding gene,ENSMUSG00000022021,56419,GO:0005634,nucleus,IDA
rs3708535,RefSNP,MGI:1927222,Diaph3,diaphanous related formin 3,protein coding gene,ENSMUSG00000022021,56419,GO:0005634,nucleus,ISO
rs3708535,RefSNP,MGI:1927222,Diaph3,diaphanous related formin 3,protein coding gene,ENSMUSG00000022021,56419,GO:0005515,protein binding,IPI
rs3708535,RefSNP,MGI:1927222,Diaph3,diaphanous related formin 3,protein coding gene,ENSMUSG00000022021,56419,GO:0017048,Rho GTPase binding,IEA
rs13479188,RefSNP,MGI:1289234,Rhpn2,"rhophilin, Rho GTPase binding protein 2",protein coding gene,ENSMUSG00000030494,52428,GO:0005737,cytoplasm,IEA
rs13479188,RefSNP,MGI:1289234,Rhpn2,"rhophilin, Rho GTPase binding protein 2",protein coding gene,ENSMUSG00000030494,52428,GO:0003674,molecular_function,ND
rs13479188,RefSNP,MGI:1289234,Rhpn2,"rhophilin, Rho GTPase binding protein 2",protein coding gene,ENSMUSG00000030494,52428,GO:0007165,signal transduction,IEA
rs3725510,,No associated gene,,,,,,,,
rs13480302,,No associated gene,,,,,,,,
rs13480638,RefSNP,MGI:3036232,4833431D13Rik,RIKEN cDNA 4833431D13 gene,lncRNA gene,,268307,,,
rs13480638,RefSNP,MGI:88026,Ank3,"ankyrin 3, epithelial",protein coding gene,ENSMUSG00000069601,11735,GO:0030424,axon,IDA
rs13480638,RefSNP,MGI:88026,Ank3,"ankyrin 3, epithelial",protein coding gene,ENSMUSG00000069601,11735,GO:0030424,axon,ISO
rs13480638,RefSNP,MGI:88026,Ank3,"ankyrin 3, epithelial",protein coding gene,ENSMUSG00000069601,11735,GO:0007411,axon guidance,IMP
rs13480638,RefSNP,MGI:88026,Ank3,"ankyrin 3, epithelial",protein coding gene,ENSMUSG00000069601,11735,GO:0043194,axon initial segment,IDA
rs13480638,RefSNP,MGI:88026,Ank3,"ankyrin 3, epithelial",protein coding gene,ENSMUSG00000069601,11735,GO:0043194,axon initial segment,IMP
rs13480638,RefSNP,MGI:88026,Ank3,"ankyrin 3, epithelial",protein coding gene,ENSMUSG00000069601,11735,GO:0043194,axon initial segment,ISO
rs13480638,RefSNP,MGI:88026,Ank3,"ankyrin 3, epithelial",protein coding gene,ENSMUSG00000069601,11735,GO:0007409,axonogenesis,IMP
rs13480638,RefSNP,MGI:88026,Ank3,"ankyrin 3, epithelial",protein coding gene,ENSMUSG00000069601,11735,GO:0009925,basal plasma membrane,ISO
rs13480638,RefSNP,MGI:88026,Ank3,"ankyrin 3, epithelial",protein coding gene,ENSMUSG00000069601,11735,GO:0016323,basolateral plasma membrane,ISO
rs13480638,RefSNP,MGI:88026,Ank3,"ankyrin 3, epithelial",protein coding gene,ENSMUSG00000069601,11735,GO:0005923,bicellular tight junction,ISO
rs13480638,RefSNP,MGI:88026,Ank3,"ankyrin 3, epithelial",protein coding gene,ENSMUSG00000069601,11735,GO:0045296,cadherin binding,ISO
rs13480638,RefSNP,MGI:88026,Ank3,"ankyrin 3, epithelial",protein coding gene,ENSMUSG00000069601,11735,GO:0030054,cell junction,IEA
rs13480638,RefSNP,MGI:88026,Ank3,"ankyrin 3, epithelial",protein coding gene,ENSMUSG00000069601,11735,GO:0042995,cell projection,IEA
rs13480638,RefSNP,MGI:88026,Ank3,"ankyrin 3, epithelial",protein coding gene,ENSMUSG00000069601,11735,GO:0009986,cell surface,ISO
rs13480638,RefSNP,MGI:88026,Ank3,"ankyrin 3, epithelial",protein coding gene,ENSMUSG00000069601,11735,GO:0071286,cellular response to magnesium ion,IMP
rs13480638,RefSNP,MGI:88026,Ank3,"ankyrin 3, epithelial",protein coding gene,ENSMUSG00000069601,11735,GO:0045162,clustering of voltage-gated sodium channels,ISO
rs13480638,RefSNP,MGI:88026,Ank3,"ankyrin 3, epithelial",protein coding gene,ENSMUSG00000069601,11735,GO:0005737,cytoplasm,IEA
rs13480638,RefSNP,MGI:88026,Ank3,"ankyrin 3, epithelial",protein coding gene,ENSMUSG00000069601,11735,GO:0008092,cytoskeletal protein binding,ISO
rs13480638,RefSNP,MGI:88026,Ank3,"ankyrin 3, epithelial",protein coding gene,ENSMUSG00000069601,11735,GO:0005856,cytoskeleton,IEA
rs13480638,RefSNP,MGI:88026,Ank3,"ankyrin 3, epithelial",protein coding gene,ENSMUSG00000069601,11735,GO:0030425,dendrite,ISO
rs13480638,RefSNP,MGI:88026,Ank3,"ankyrin 3, epithelial",protein coding gene,ENSMUSG00000069601,11735,GO:0045184,establishment of protein localization,ISO
rs13480638,RefSNP,MGI:88026,Ank3,"ankyrin 3, epithelial",protein coding gene,ENSMUSG00000069601,11735,GO:0043001,Golgi to plasma membrane protein transport,ISO
rs13480638,RefSNP,MGI:88026,Ank3,"ankyrin 3, epithelial",protein coding gene,ENSMUSG00000069601,11735,GO:0014704,intercalated disc,IDA
rs13480638,RefSNP,MGI:88026,Ank3,"ankyrin 3, epithelial",protein coding gene,ENSMUSG00000069601,11735,GO:0014704,intercalated disc,ISO
rs13480638,RefSNP,MGI:88026,Ank3,"ankyrin 3, epithelial",protein coding gene,ENSMUSG00000069601,11735,GO:0044325,ion channel binding,IPI
rs13480638,RefSNP,MGI:88026,Ank3,"ankyrin 3, epithelial",protein coding gene,ENSMUSG00000069601,11735,GO:0044325,ion channel binding,ISO
rs13480638,RefSNP,MGI:88026,Ank3,"ankyrin 3, epithelial",protein coding gene,ENSMUSG00000069601,11735,GO:0016328,lateral plasma membrane,ISO
rs13480638,RefSNP,MGI:88026,Ank3,"ankyrin 3, epithelial",protein coding gene,ENSMUSG00000069601,11735,GO:0005764,lysosome,IEA
rs13480638,RefSNP,MGI:88026,Ank3,"ankyrin 3, epithelial",protein coding gene,ENSMUSG00000069601,11735,GO:0010960,magnesium ion homeostasis,IMP
rs13480638,RefSNP,MGI:88026,Ank3,"ankyrin 3, epithelial",protein coding gene,ENSMUSG00000069601,11735,GO:0072660,maintenance of protein location in plasma membrane,ISO
rs13480638,RefSNP,MGI:88026,Ank3,"ankyrin 3, epithelial",protein coding gene,ENSMUSG00000069601,11735,GO:0016020,membrane,IDA
rs13480638,RefSNP,MGI:88026,Ank3,"ankyrin 3, epithelial",protein coding gene,ENSMUSG00000069601,11735,GO:0071709,membrane assembly,ISO
rs13480638,RefSNP,MGI:88026,Ank3,"ankyrin 3, epithelial",protein coding gene,ENSMUSG00000069601,11735,GO:0000281,mitotic cytokinesis,ISO
rs13480638,RefSNP,MGI:88026,Ank3,"ankyrin 3, epithelial",protein coding gene,ENSMUSG00000069601,11735,GO:1902260,negative regulation of delayed rectifier potassium channel activity,IMP
rs13480638,RefSNP,MGI:88026,Ank3,"ankyrin 3, epithelial",protein coding gene,ENSMUSG00000069601,11735,GO:0031594,neuromuscular junction,ISO
rs13480638,RefSNP,MGI:88026,Ank3,"ankyrin 3, epithelial",protein coding gene,ENSMUSG00000069601,11735,GO:0019228,neuronal action potential,IMP
rs13480638,RefSNP,MGI:88026,Ank3,"ankyrin 3, epithelial",protein coding gene,ENSMUSG00000069601,11735,GO:0043005,neuron projection,ISO
rs13480638,RefSNP,MGI:88026,Ank3,"ankyrin 3, epithelial",protein coding gene,ENSMUSG00000069601,11735,GO:0033268,node of Ranvier,IDA
rs13480638,RefSNP,MGI:88026,Ank3,"ankyrin 3, epithelial",protein coding gene,ENSMUSG00000069601,11735,GO:0033268,node of Ranvier,ISO
rs13480638,RefSNP,MGI:88026,Ank3,"ankyrin 3, epithelial",protein coding gene,ENSMUSG00000069601,11735,GO:0033270,paranode region of axon,IDA
rs13480638,RefSNP,MGI:88026,Ank3,"ankyrin 3, epithelial",protein coding gene,ENSMUSG00000069601,11735,GO:0140031,phosphorylation-dependent protein binding,ISO
rs13480638,RefSNP,MGI:88026,Ank3,"ankyrin 3, epithelial",protein coding gene,ENSMUSG00000069601,11735,GO:0005886,plasma membrane,ISO
rs13480638,RefSNP,MGI:88026,Ank3,"ankyrin 3, epithelial",protein coding gene,ENSMUSG00000069601,11735,GO:0007009,plasma membrane organization,ISO
rs13480638,RefSNP,MGI:88026,Ank3,"ankyrin 3, epithelial",protein coding gene,ENSMUSG00000069601,11735,GO:0045760,positive regulation of action potential,TAS
rs13480638,RefSNP,MGI:88026,Ank3,"ankyrin 3, epithelial",protein coding gene,ENSMUSG00000069601,11735,GO:2001259,positive regulation of cation channel activity,ISO
rs13480638,RefSNP,MGI:88026,Ank3,"ankyrin 3, epithelial",protein coding gene,ENSMUSG00000069601,11735,GO:0010650,positive regulation of cell communication by electrical coupling,ISO
rs13480638,RefSNP,MGI:88026,Ank3,"ankyrin 3, epithelial",protein coding gene,ENSMUSG00000069601,11735,GO:0010628,positive regulation of gene expression,ISO
rs13480638,RefSNP,MGI:88026,Ank3,"ankyrin 3, epithelial",protein coding gene,ENSMUSG00000069601,11735,GO:0034112,positive regulation of homotypic cell-cell adhesion,ISO
rs13480638,RefSNP,MGI:88026,Ank3,"ankyrin 3, epithelial",protein coding gene,ENSMUSG00000069601,11735,GO:1900827,positive regulation of membrane depolarization during cardiac muscle cell action potential,ISO
rs13480638,RefSNP,MGI:88026,Ank3,"ankyrin 3, epithelial",protein coding gene,ENSMUSG00000069601,11735,GO:0045838,positive regulation of membrane potential,ISO
rs13480638,RefSNP,MGI:88026,Ank3,"ankyrin 3, epithelial",protein coding gene,ENSMUSG00000069601,11735,GO:0090314,positive regulation of protein targeting to membrane,ISO
rs13480638,RefSNP,MGI:88026,Ank3,"ankyrin 3, epithelial",protein coding gene,ENSMUSG00000069601,11735,GO:2000651,positive regulation of sodium ion transmembrane transporter activity,ISO
rs13480638,RefSNP,MGI:88026,Ank3,"ankyrin 3, epithelial",protein coding gene,ENSMUSG00000069601,11735,GO:0010765,positive regulation of sodium ion transport,ISO
rs13480638,RefSNP,MGI:88026,Ank3,"ankyrin 3, epithelial",protein coding gene,ENSMUSG00000069601,11735,GO:0045211,postsynaptic membrane,ISO
rs13480638,RefSNP,MGI:88026,Ank3,"ankyrin 3, epithelial",protein coding gene,ENSMUSG00000069601,11735,GO:0005515,protein binding,IPI
rs13480638,RefSNP,MGI:88026,Ank3,"ankyrin 3, epithelial",protein coding gene,ENSMUSG00000069601,11735,GO:0099612,protein localization to axon,IMP
rs13480638,RefSNP,MGI:88026,Ank3,"ankyrin 3, epithelial",protein coding gene,ENSMUSG00000069601,11735,GO:0099612,protein localization to axon,ISO
rs13480638,RefSNP,MGI:88026,Ank3,"ankyrin 3, epithelial",protein coding gene,ENSMUSG00000069601,11735,GO:0072659,protein localization to plasma membrane,IDA
rs13480638,RefSNP,MGI:88026,Ank3,"ankyrin 3, epithelial",protein coding gene,ENSMUSG00000069601,11735,GO:0072659,protein localization to plasma membrane,IMP
rs13480638,RefSNP,MGI:88026,Ank3,"ankyrin 3, epithelial",protein coding gene,ENSMUSG00000069601,11735,GO:0072659,protein localization to plasma membrane,ISO
rs13480638,RefSNP,MGI:88026,Ank3,"ankyrin 3, epithelial",protein coding gene,ENSMUSG00000069601,11735,GO:0030674,protein-macromolecule adaptor activity,ISO
rs13480638,RefSNP,MGI:88026,Ank3,"ankyrin 3, epithelial",protein coding gene,ENSMUSG00000069601,11735,GO:0043266,regulation of potassium ion transport,ISO
rs13480638,RefSNP,MGI:88026,Ank3,"ankyrin 3, epithelial",protein coding gene,ENSMUSG00000069601,11735,GO:0042383,sarcolemma,ISO
rs13480638,RefSNP,MGI:88026,Ank3,"ankyrin 3, epithelial",protein coding gene,ENSMUSG00000069601,11735,GO:0016529,sarcoplasmic reticulum,ISO
rs13480638,RefSNP,MGI:88026,Ank3,"ankyrin 3, epithelial",protein coding gene,ENSMUSG00000069601,11735,GO:0007165,signal transduction,IEA
rs13480638,RefSNP,MGI:88026,Ank3,"ankyrin 3, epithelial",protein coding gene,ENSMUSG00000069601,11735,GO:0014731,spectrin-associated cytoskeleton,ISO
rs13480638,RefSNP,MGI:88026,Ank3,"ankyrin 3, epithelial",protein coding gene,ENSMUSG00000069601,11735,GO:0030507,spectrin binding,ISO
rs13480638,RefSNP,MGI:88026,Ank3,"ankyrin 3, epithelial",protein coding gene,ENSMUSG00000069601,11735,GO:0005200,structural constituent of cytoskeleton,ISO
rs13480638,RefSNP,MGI:88026,Ank3,"ankyrin 3, epithelial",protein coding gene,ENSMUSG00000069601,11735,GO:0045202,synapse,IDA
rs13480638,RefSNP,MGI:88026,Ank3,"ankyrin 3, epithelial",protein coding gene,ENSMUSG00000069601,11735,GO:0050808,synapse organization,IMP
rs13480638,RefSNP,MGI:88026,Ank3,"ankyrin 3, epithelial",protein coding gene,ENSMUSG00000069601,11735,GO:0030315,T-tubule,ISO
rs13480638,RefSNP,MGI:88026,Ank3,"ankyrin 3, epithelial",protein coding gene,ENSMUSG00000069601,11735,GO:0030018,Z disc,ISO
rs4230072,RefSNP,MGI:1918839,Slc38a9,"solute carrier family 38, member 9",protein coding gene,ENSMUSG00000047789,268706,GO:0003333,amino acid transmembrane transport,IBA
rs4230072,RefSNP,MGI:1918839,Slc38a9,"solute carrier family 38, member 9",protein coding gene,ENSMUSG00000047789,268706,GO:0003333,amino acid transmembrane transport,ISO
rs4230072,RefSNP,MGI:1918839,Slc38a9,"solute carrier family 38, member 9",protein coding gene,ENSMUSG00000047789,268706,GO:0015171,amino acid transmembrane transporter activity,ISO
rs4230072,RefSNP,MGI:1918839,Slc38a9,"solute carrier family 38, member 9",protein coding gene,ENSMUSG00000047789,268706,GO:0006865,amino acid transport,IEA
rs4230072,RefSNP,MGI:1918839,Slc38a9,"solute carrier family 38, member 9",protein coding gene,ENSMUSG00000047789,268706,GO:0071230,cellular response to amino acid stimulus,ISO
rs4230072,RefSNP,MGI:1918839,Slc38a9,"solute carrier family 38, member 9",protein coding gene,ENSMUSG00000047789,268706,GO:0005768,endosome,IEA
rs4230072,RefSNP,MGI:1918839,Slc38a9,"solute carrier family 38, member 9",protein coding gene,ENSMUSG00000047789,268706,GO:1905103,integral component of lysosomal membrane,ISO
rs4230072,RefSNP,MGI:1918839,Slc38a9,"solute carrier family 38, member 9",protein coding gene,ENSMUSG00000047789,268706,GO:0016021,integral component of membrane,IEA
rs4230072,RefSNP,MGI:1918839,Slc38a9,"solute carrier family 38, member 9",protein coding gene,ENSMUSG00000047789,268706,GO:0061459,L-arginine transmembrane transporter activity,ISO
rs4230072,RefSNP,MGI:1918839,Slc38a9,"solute carrier family 38, member 9",protein coding gene,ENSMUSG00000047789,268706,GO:0005770,late endosome,ISO
rs4230072,RefSNP,MGI:1918839,Slc38a9,"solute carrier family 38, member 9",protein coding gene,ENSMUSG00000047789,268706,GO:0015190,L-leucine transmembrane transporter activity,ISO
rs4230072,RefSNP,MGI:1918839,Slc38a9,"solute carrier family 38, member 9",protein coding gene,ENSMUSG00000047789,268706,GO:0005765,lysosomal membrane,ISO
rs4230072,RefSNP,MGI:1918839,Slc38a9,"solute carrier family 38, member 9",protein coding gene,ENSMUSG00000047789,268706,GO:0005764,lysosome,ISO
rs4230072,RefSNP,MGI:1918839,Slc38a9,"solute carrier family 38, member 9",protein coding gene,ENSMUSG00000047789,268706,GO:0016020,membrane,IEA
rs4230072,RefSNP,MGI:1918839,Slc38a9,"solute carrier family 38, member 9",protein coding gene,ENSMUSG00000047789,268706,GO:0046872,metal ion binding,IEA
rs4230072,RefSNP,MGI:1918839,Slc38a9,"solute carrier family 38, member 9",protein coding gene,ENSMUSG00000047789,268706,GO:0032008,positive regulation of TOR signaling,ISO
rs4230072,RefSNP,MGI:1918839,Slc38a9,"solute carrier family 38, member 9",protein coding gene,ENSMUSG00000047789,268706,GO:0071986,Ragulator complex,ISO
rs13482148,RefSNP,MGI:1925040,A930006J02Rik,RIKEN cDNA A930006J02 gene,lncRNA gene,,77790,,,
rs13482148,RefSNP,MGI:109515,Sftpd,surfactant associated protein D,protein coding gene,ENSMUSG00000021795,20390,GO:0030246,carbohydrate binding,IEA
rs13482148,RefSNP,MGI:109515,Sftpd,surfactant associated protein D,protein coding gene,ENSMUSG00000021795,20390,GO:0062023,collagen-containing extracellular matrix,HDA
rs13482148,RefSNP,MGI:109515,Sftpd,surfactant associated protein D,protein coding gene,ENSMUSG00000021795,20390,GO:0005581,collagen trimer,IEA
rs13482148,RefSNP,MGI:109515,Sftpd,surfactant associated protein D,protein coding gene,ENSMUSG00000021795,20390,GO:0005737,cytoplasm,IDA
rs13482148,RefSNP,MGI:109515,Sftpd,surfactant associated protein D,protein coding gene,ENSMUSG00000021795,20390,GO:0031410,cytoplasmic vesicle,ISO
rs13482148,RefSNP,MGI:109515,Sftpd,surfactant associated protein D,protein coding gene,ENSMUSG00000021795,20390,GO:0005576,extracellular region,IEA
rs13482148,RefSNP,MGI:109515,Sftpd,surfactant associated protein D,protein coding gene,ENSMUSG00000021795,20390,GO:0005615,extracellular space,ISO
rs13482148,RefSNP,MGI:109515,Sftpd,surfactant associated protein D,protein coding gene,ENSMUSG00000021795,20390,GO:0042802,identical protein binding,IPI
rs13482148,RefSNP,MGI:109515,Sftpd,surfactant associated protein D,protein coding gene,ENSMUSG00000021795,20390,GO:0042802,identical protein binding,ISO
rs13482148,RefSNP,MGI:109515,Sftpd,surfactant associated protein D,protein coding gene,ENSMUSG00000021795,20390,GO:0002376,immune system process,IEA
rs13482148,RefSNP,MGI:109515,Sftpd,surfactant associated protein D,protein coding gene,ENSMUSG00000021795,20390,GO:0043152,induction of bacterial agglutination,ISO
rs13482148,RefSNP,MGI:109515,Sftpd,surfactant associated protein D,protein coding gene,ENSMUSG00000021795,20390,GO:0045087,innate immune response,IEA
rs13482148,RefSNP,MGI:109515,Sftpd,surfactant associated protein D,protein coding gene,ENSMUSG00000021795,20390,GO:0001530,lipopolysaccharide binding,ISO
rs13482148,RefSNP,MGI:109515,Sftpd,surfactant associated protein D,protein coding gene,ENSMUSG00000021795,20390,GO:0048286,lung alveolus development,ISO
rs13482148,RefSNP,MGI:109515,Sftpd,surfactant associated protein D,protein coding gene,ENSMUSG00000021795,20390,GO:0048029,monosaccharide binding,ISO
rs13482148,RefSNP,MGI:109515,Sftpd,surfactant associated protein D,protein coding gene,ENSMUSG00000021795,20390,GO:0005771,multivesicular body,ISO
rs13482148,RefSNP,MGI:109515,Sftpd,surfactant associated protein D,protein coding gene,ENSMUSG00000021795,20390,GO:0052405,negative regulation by host of symbiont molecular function,ISO
rs13482148,RefSNP,MGI:109515,Sftpd,surfactant associated protein D,protein coding gene,ENSMUSG00000021795,20390,GO:0032703,negative regulation of interleukin-2 production,ISO
rs13482148,RefSNP,MGI:109515,Sftpd,surfactant associated protein D,protein coding gene,ENSMUSG00000021795,20390,GO:0050765,negative regulation of phagocytosis,ISO
rs13482148,RefSNP,MGI:109515,Sftpd,surfactant associated protein D,protein coding gene,ENSMUSG00000021795,20390,GO:0042130,negative regulation of T cell proliferation,ISO
rs13482148,RefSNP,MGI:109515,Sftpd,surfactant associated protein D,protein coding gene,ENSMUSG00000021795,20390,GO:0008228,opsonization,ISO
rs13482148,RefSNP,MGI:109515,Sftpd,surfactant associated protein D,protein coding gene,ENSMUSG00000021795,20390,GO:0050766,positive regulation of phagocytosis,ISO
rs13482148,RefSNP,MGI:109515,Sftpd,surfactant associated protein D,protein coding gene,ENSMUSG00000021795,20390,GO:1905226,regulation of adhesion of symbiont to host epithelial cell,ISO
rs13482148,RefSNP,MGI:109515,Sftpd,surfactant associated protein D,protein coding gene,ENSMUSG00000021795,20390,GO:0050828,regulation of liquid surface tension,ISO
rs13482148,RefSNP,MGI:109515,Sftpd,surfactant associated protein D,protein coding gene,ENSMUSG00000021795,20390,GO:0007585,respiratory gaseous exchange by respiratory system,IEA
rs13482148,RefSNP,MGI:109515,Sftpd,surfactant associated protein D,protein coding gene,ENSMUSG00000021795,20390,GO:0005791,rough endoplasmic reticulum,ISO
rs13482148,RefSNP,MGI:109515,Sftpd,surfactant associated protein D,protein coding gene,ENSMUSG00000021795,20390,GO:0043129,surfactant homeostasis,ISO
rs13482148,RefSNP,MGI:6055979,Tssr128212,transcription start site region 128212,TSS region,,,,,
rs13482148,RefSNP,MGI:6055980,Tssr128213,transcription start site region 128213,TSS region,,,,,
rs13482148,RefSNP,MGI:6055981,Tssr128214,transcription start site region 128214,TSS region,,,,,
rs3699140,,No associated gene,,,,,,,,
rs13483571,RefSNP,MGI:107930,Pip5k1b,"phosphatidylinositol-4-phosphate 5-kinase, type 1 beta",protein coding gene,ENSMUSG00000024867,18719,GO:0016308,1-phosphatidylinositol-4-phosphate 5-kinase activity,IDA
rs13483571,RefSNP,MGI:107930,Pip5k1b,"phosphatidylinositol-4-phosphate 5-kinase, type 1 beta",protein coding gene,ENSMUSG00000024867,18719,GO:0016308,1-phosphatidylinositol-4-phosphate 5-kinase activity,IGI
rs13483571,RefSNP,MGI:107930,Pip5k1b,"phosphatidylinositol-4-phosphate 5-kinase, type 1 beta",protein coding gene,ENSMUSG00000024867,18719,GO:0005524,ATP binding,IEA
rs13483571,RefSNP,MGI:107930,Pip5k1b,"phosphatidylinositol-4-phosphate 5-kinase, type 1 beta",protein coding gene,ENSMUSG00000024867,18719,GO:0005829,cytosol,IDA
rs13483571,RefSNP,MGI:107930,Pip5k1b,"phosphatidylinositol-4-phosphate 5-kinase, type 1 beta",protein coding gene,ENSMUSG00000024867,18719,GO:0016301,kinase activity,IEA
rs13483571,RefSNP,MGI:107930,Pip5k1b,"phosphatidylinositol-4-phosphate 5-kinase, type 1 beta",protein coding gene,ENSMUSG00000024867,18719,GO:0016020,membrane,IEA
rs13483571,RefSNP,MGI:107930,Pip5k1b,"phosphatidylinositol-4-phosphate 5-kinase, type 1 beta",protein coding gene,ENSMUSG00000024867,18719,GO:0000166,nucleotide binding,IEA
rs13483571,RefSNP,MGI:107930,Pip5k1b,"phosphatidylinositol-4-phosphate 5-kinase, type 1 beta",protein coding gene,ENSMUSG00000024867,18719,GO:0006661,phosphatidylinositol biosynthetic process,IGI
rs13483571,RefSNP,MGI:107930,Pip5k1b,"phosphatidylinositol-4-phosphate 5-kinase, type 1 beta",protein coding gene,ENSMUSG00000024867,18719,GO:0046488,phosphatidylinositol metabolic process,IDA
rs13483571,RefSNP,MGI:107930,Pip5k1b,"phosphatidylinositol-4-phosphate 5-kinase, type 1 beta",protein coding gene,ENSMUSG00000024867,18719,GO:0016307,phosphatidylinositol phosphate kinase activity,IEA
rs13483571,RefSNP,MGI:107930,Pip5k1b,"phosphatidylinositol-4-phosphate 5-kinase, type 1 beta",protein coding gene,ENSMUSG00000024867,18719,GO:0016310,phosphorylation,IEA
rs13483571,RefSNP,MGI:107930,Pip5k1b,"phosphatidylinositol-4-phosphate 5-kinase, type 1 beta",protein coding gene,ENSMUSG00000024867,18719,GO:0005515,protein binding,IPI
rs13483571,RefSNP,MGI:107930,Pip5k1b,"phosphatidylinositol-4-phosphate 5-kinase, type 1 beta",protein coding gene,ENSMUSG00000024867,18719,GO:0016740,transferase activity,IEA
rs13483571,RefSNP,MGI:107930,Pip5k1b,"phosphatidylinositol-4-phosphate 5-kinase, type 1 beta",protein coding gene,ENSMUSG00000024867,18719,GO:0001931,uropod,ISO
rs13483571,RefSNP,MGI:6086432,Tssr158665,transcription start site region 158665,TSS region,,,,,
rs3679568,,No associated gene,,,,,,,,
rs13479566,RefSNP,MGI:96832,Lsp1,lymphocyte specific 1,protein coding gene,ENSMUSG00000018819,16985,GO:0003779,actin binding,TAS
rs13479566,RefSNP,MGI:96832,Lsp1,lymphocyte specific 1,protein coding gene,ENSMUSG00000018819,16985,GO:0006915,apoptotic process,TAS
rs13479566,RefSNP,MGI:96832,Lsp1,lymphocyte specific 1,protein coding gene,ENSMUSG00000018819,16985,GO:0098761,cellular response to interleukin-7,IDA
rs13479566,RefSNP,MGI:96832,Lsp1,lymphocyte specific 1,protein coding gene,ENSMUSG00000018819,16985,GO:0006935,chemotaxis,IMP
rs13479566,RefSNP,MGI:96832,Lsp1,lymphocyte specific 1,protein coding gene,ENSMUSG00000018819,16985,GO:0007010,cytoskeleton organization,TAS
rs13479566,RefSNP,MGI:96832,Lsp1,lymphocyte specific 1,protein coding gene,ENSMUSG00000018819,16985,GO:0006952,defense response,IMP
rs13479566,RefSNP,MGI:96832,Lsp1,lymphocyte specific 1,protein coding gene,ENSMUSG00000018819,16985,GO:0016020,membrane,IEA
rs13479566,RefSNP,MGI:96832,Lsp1,lymphocyte specific 1,protein coding gene,ENSMUSG00000018819,16985,GO:0005886,plasma membrane,IEA
rs13479566,RefSNP,MGI:96832,Lsp1,lymphocyte specific 1,protein coding gene,ENSMUSG00000018819,16985,GO:0007165,signal transduction,IEA
rs13479566,RefSNP,MGI:5930221,Tssr2454,transcription start site region 2454,TSS region,,,,,
rs13479566,RefSNP,MGI:5997937,Tssr70170,transcription start site region 70170,TSS region,,,,,
rs13479566,RefSNP,MGI:5997938,Tssr70171,transcription start site region 70171,TSS region,,,,,
rs4140004,RefSNP,MGI:97851,Slc20a2,"solute carrier family 20, member 2",protein coding gene,ENSMUSG00000037656,20516,GO:0016021,integral component of membrane,IEA
rs4140004,RefSNP,MGI:97851,Slc20a2,"solute carrier family 20, member 2",protein coding gene,ENSMUSG00000037656,20516,GO:0006811,ion transport,IEA
rs4140004,RefSNP,MGI:97851,Slc20a2,"solute carrier family 20, member 2",protein coding gene,ENSMUSG00000037656,20516,GO:0016020,membrane,IEA
rs4140004,RefSNP,MGI:97851,Slc20a2,"solute carrier family 20, member 2",protein coding gene,ENSMUSG00000037656,20516,GO:0006817,phosphate ion transport,IEA
rs4140004,RefSNP,MGI:97851,Slc20a2,"solute carrier family 20, member 2",protein coding gene,ENSMUSG00000037656,20516,GO:0005886,plasma membrane,IEA
rs4140004,RefSNP,MGI:97851,Slc20a2,"solute carrier family 20, member 2",protein coding gene,ENSMUSG00000037656,20516,GO:0006814,sodium ion transport,IEA
rs4140004,RefSNP,MGI:97851,Slc20a2,"solute carrier family 20, member 2",protein coding gene,ENSMUSG00000037656,20516,GO:0015293,symporter activity,IEA
rs4140004,RefSNP,MGI:97851,Slc20a2,"solute carrier family 20, member 2",protein coding gene,ENSMUSG00000037656,20516,GO:0016032,viral process,IEA
rs13459102,RefSNP,MGI:1916992,Tm2d2,TM2 domain containing 2,protein coding gene,ENSMUSG00000031556,69742,GO:0008150,biological_process,ND
rs13459102,RefSNP,MGI:1916992,Tm2d2,TM2 domain containing 2,protein coding gene,ENSMUSG00000031556,69742,GO:0016021,integral component of membrane,IEA
rs13459102,RefSNP,MGI:1916992,Tm2d2,TM2 domain containing 2,protein coding gene,ENSMUSG00000031556,69742,GO:0016020,membrane,IEA
rs13459102,RefSNP,MGI:1916992,Tm2d2,TM2 domain containing 2,protein coding gene,ENSMUSG00000031556,69742,GO:0003674,molecular_function,ND
rs13479656,RefSNP,MGI:95522,Fgfr1,fibroblast growth factor receptor 1,protein coding gene,ENSMUSG00000031565,14182,GO:0001525,angiogenesis,IGI
rs13479656,RefSNP,MGI:95522,Fgfr1,fibroblast growth factor receptor 1,protein coding gene,ENSMUSG00000031565,14182,GO:0005524,ATP binding,IEA
rs13479656,RefSNP,MGI:95522,Fgfr1,fibroblast growth factor receptor 1,protein coding gene,ENSMUSG00000031565,14182,GO:0060117,auditory receptor cell development,IMP
rs13479656,RefSNP,MGI:95522,Fgfr1,fibroblast growth factor receptor 1,protein coding gene,ENSMUSG00000031565,14182,GO:0048514,blood vessel morphogenesis,IMP
rs13479656,RefSNP,MGI:95522,Fgfr1,fibroblast growth factor receptor 1,protein coding gene,ENSMUSG00000031565,14182,GO:0007420,brain development,IMP
rs13479656,RefSNP,MGI:95522,Fgfr1,fibroblast growth factor receptor 1,protein coding gene,ENSMUSG00000031565,14182,GO:0060445,branching involved in salivary gland morphogenesis,IMP
rs13479656,RefSNP,MGI:95522,Fgfr1,fibroblast growth factor receptor 1,protein coding gene,ENSMUSG00000031565,14182,GO:0060445,branching involved in salivary gland morphogenesis,IMP
rs13479656,RefSNP,MGI:95522,Fgfr1,fibroblast growth factor receptor 1,protein coding gene,ENSMUSG00000031565,14182,GO:0050839,cell adhesion molecule binding,ISO
rs13479656,RefSNP,MGI:95522,Fgfr1,fibroblast growth factor receptor 1,protein coding gene,ENSMUSG00000031565,14182,GO:0048469,cell maturation,IMP
rs13479656,RefSNP,MGI:95522,Fgfr1,fibroblast growth factor receptor 1,protein coding gene,ENSMUSG00000031565,14182,GO:0021954,central nervous system neuron development,ISO
rs13479656,RefSNP,MGI:95522,Fgfr1,fibroblast growth factor receptor 1,protein coding gene,ENSMUSG00000031565,14182,GO:0002062,chondrocyte differentiation,IGI
rs13479656,RefSNP,MGI:95522,Fgfr1,fibroblast growth factor receptor 1,protein coding gene,ENSMUSG00000031565,14182,GO:0005737,cytoplasm,ISO
rs13479656,RefSNP,MGI:95522,Fgfr1,fibroblast growth factor receptor 1,protein coding gene,ENSMUSG00000031565,14182,GO:0031410,cytoplasmic vesicle,IEA
rs13479656,RefSNP,MGI:95522,Fgfr1,fibroblast growth factor receptor 1,protein coding gene,ENSMUSG00000031565,14182,GO:0043583,ear development,IMP
rs13479656,RefSNP,MGI:95522,Fgfr1,fibroblast growth factor receptor 1,protein coding gene,ENSMUSG00000031565,14182,GO:0030326,embryonic limb morphogenesis,IMP
rs13479656,RefSNP,MGI:95522,Fgfr1,fibroblast growth factor receptor 1,protein coding gene,ENSMUSG00000031565,14182,GO:0001837,epithelial to mesenchymal transition,ISO
rs13479656,RefSNP,MGI:95522,Fgfr1,fibroblast growth factor receptor 1,protein coding gene,ENSMUSG00000031565,14182,GO:0005007,fibroblast growth factor-activated receptor activity,IDA
rs13479656,RefSNP,MGI:95522,Fgfr1,fibroblast growth factor receptor 1,protein coding gene,ENSMUSG00000031565,14182,GO:0005007,fibroblast growth factor-activated receptor activity,ISO
rs13479656,RefSNP,MGI:95522,Fgfr1,fibroblast growth factor receptor 1,protein coding gene,ENSMUSG00000031565,14182,GO:0017134,fibroblast growth factor binding,IDA
rs13479656,RefSNP,MGI:95522,Fgfr1,fibroblast growth factor receptor 1,protein coding gene,ENSMUSG00000031565,14182,GO:0017134,fibroblast growth factor binding,IPI
rs13479656,RefSNP,MGI:95522,Fgfr1,fibroblast growth factor receptor 1,protein coding gene,ENSMUSG00000031565,14182,GO:0017134,fibroblast growth factor binding,ISO
rs13479656,RefSNP,MGI:95522,Fgfr1,fibroblast growth factor receptor 1,protein coding gene,ENSMUSG00000031565,14182,GO:0008543,fibroblast growth factor receptor signaling pathway,IGI
rs13479656,RefSNP,MGI:95522,Fgfr1,fibroblast growth factor receptor 1,protein coding gene,ENSMUSG00000031565,14182,GO:0008543,fibroblast growth factor receptor signaling pathway,IGI
rs13479656,RefSNP,MGI:95522,Fgfr1,fibroblast growth factor receptor 1,protein coding gene,ENSMUSG00000031565,14182,GO:0008543,fibroblast growth factor receptor signaling pathway,IGI
rs13479656,RefSNP,MGI:95522,Fgfr1,fibroblast growth factor receptor 1,protein coding gene,ENSMUSG00000031565,14182,GO:0008543,fibroblast growth factor receptor signaling pathway,ISO
rs13479656,RefSNP,MGI:95522,Fgfr1,fibroblast growth factor receptor 1,protein coding gene,ENSMUSG00000031565,14182,GO:0008543,fibroblast growth factor receptor signaling pathway,ISO
rs13479656,RefSNP,MGI:95522,Fgfr1,fibroblast growth factor receptor 1,protein coding gene,ENSMUSG00000031565,14182,GO:0035607,fibroblast growth factor receptor signaling pathway involved in orbitofrontal cortex development,IMP
rs13479656,RefSNP,MGI:95522,Fgfr1,fibroblast growth factor receptor 1,protein coding gene,ENSMUSG00000031565,14182,GO:0048699,generation of neurons,IMP
rs13479656,RefSNP,MGI:95522,Fgfr1,fibroblast growth factor receptor 1,protein coding gene,ENSMUSG00000031565,14182,GO:0008201,heparin binding,ISO
rs13479656,RefSNP,MGI:95522,Fgfr1,fibroblast growth factor receptor 1,protein coding gene,ENSMUSG00000031565,14182,GO:0042802,identical protein binding,ISO
rs13479656,RefSNP,MGI:95522,Fgfr1,fibroblast growth factor receptor 1,protein coding gene,ENSMUSG00000031565,14182,GO:0042472,inner ear morphogenesis,IMP
rs13479656,RefSNP,MGI:95522,Fgfr1,fibroblast growth factor receptor 1,protein coding gene,ENSMUSG00000031565,14182,GO:0016021,integral component of membrane,IEA
rs13479656,RefSNP,MGI:95522,Fgfr1,fibroblast growth factor receptor 1,protein coding gene,ENSMUSG00000031565,14182,GO:0001701,in utero embryonic development,IGI
rs13479656,RefSNP,MGI:95522,Fgfr1,fibroblast growth factor receptor 1,protein coding gene,ENSMUSG00000031565,14182,GO:0016301,kinase activity,IEA
rs13479656,RefSNP,MGI:95522,Fgfr1,fibroblast growth factor receptor 1,protein coding gene,ENSMUSG00000031565,14182,GO:0060484,lung-associated mesenchyme development,IGI
rs13479656,RefSNP,MGI:95522,Fgfr1,fibroblast growth factor receptor 1,protein coding gene,ENSMUSG00000031565,14182,GO:0030324,lung development,IGI
rs13479656,RefSNP,MGI:95522,Fgfr1,fibroblast growth factor receptor 1,protein coding gene,ENSMUSG00000031565,14182,GO:0030324,lung development,IMP
rs13479656,RefSNP,MGI:95522,Fgfr1,fibroblast growth factor receptor 1,protein coding gene,ENSMUSG00000031565,14182,GO:0016020,membrane,IEA
rs13479656,RefSNP,MGI:95522,Fgfr1,fibroblast growth factor receptor 1,protein coding gene,ENSMUSG00000031565,14182,GO:0048762,mesenchymal cell differentiation,IGI
rs13479656,RefSNP,MGI:95522,Fgfr1,fibroblast growth factor receptor 1,protein coding gene,ENSMUSG00000031565,14182,GO:0030901,midbrain development,IGI
rs13479656,RefSNP,MGI:95522,Fgfr1,fibroblast growth factor receptor 1,protein coding gene,ENSMUSG00000031565,14182,GO:0030901,midbrain development,IMP
rs13479656,RefSNP,MGI:95522,Fgfr1,fibroblast growth factor receptor 1,protein coding gene,ENSMUSG00000031565,14182,GO:0042474,middle ear morphogenesis,IMP
rs13479656,RefSNP,MGI:95522,Fgfr1,fibroblast growth factor receptor 1,protein coding gene,ENSMUSG00000031565,14182,GO:0021837,motogenic signaling involved in postnatal olfactory bulb interneuron migration,ISO
rs13479656,RefSNP,MGI:95522,Fgfr1,fibroblast growth factor receptor 1,protein coding gene,ENSMUSG00000031565,14182,GO:0090272,negative regulation of fibroblast growth factor production,IGI
rs13479656,RefSNP,MGI:95522,Fgfr1,fibroblast growth factor receptor 1,protein coding gene,ENSMUSG00000031565,14182,GO:0010629,negative regulation of gene expression,IGI
rs13479656,RefSNP,MGI:95522,Fgfr1,fibroblast growth factor receptor 1,protein coding gene,ENSMUSG00000031565,14182,GO:0010629,negative regulation of gene expression,IMP
rs13479656,RefSNP,MGI:95522,Fgfr1,fibroblast growth factor receptor 1,protein coding gene,ENSMUSG00000031565,14182,GO:0045668,negative regulation of osteoblast differentiation,ISO
rs13479656,RefSNP,MGI:95522,Fgfr1,fibroblast growth factor receptor 1,protein coding gene,ENSMUSG00000031565,14182,GO:0000122,negative regulation of transcription by RNA polymerase II,IMP
rs13479656,RefSNP,MGI:95522,Fgfr1,fibroblast growth factor receptor 1,protein coding gene,ENSMUSG00000031565,14182,GO:0031175,neuron projection development,ISO
rs13479656,RefSNP,MGI:95522,Fgfr1,fibroblast growth factor receptor 1,protein coding gene,ENSMUSG00000031565,14182,GO:0000166,nucleotide binding,IEA
rs13479656,RefSNP,MGI:95522,Fgfr1,fibroblast growth factor receptor 1,protein coding gene,ENSMUSG00000031565,14182,GO:0005634,nucleus,ISO
rs13479656,RefSNP,MGI:95522,Fgfr1,fibroblast growth factor receptor 1,protein coding gene,ENSMUSG00000031565,14182,GO:0021769,orbitofrontal cortex development,IMP
rs13479656,RefSNP,MGI:95522,Fgfr1,fibroblast growth factor receptor 1,protein coding gene,ENSMUSG00000031565,14182,GO:0001759,organ induction,IMP
rs13479656,RefSNP,MGI:95522,Fgfr1,fibroblast growth factor receptor 1,protein coding gene,ENSMUSG00000031565,14182,GO:0042473,outer ear morphogenesis,IMP
rs13479656,RefSNP,MGI:95522,Fgfr1,fibroblast growth factor receptor 1,protein coding gene,ENSMUSG00000031565,14182,GO:0048339,paraxial mesoderm development,IGI
rs13479656,RefSNP,MGI:95522,Fgfr1,fibroblast growth factor receptor 1,protein coding gene,ENSMUSG00000031565,14182,GO:0018108,peptidyl-tyrosine phosphorylation,IBA
rs13479656,RefSNP,MGI:95522,Fgfr1,fibroblast growth factor receptor 1,protein coding gene,ENSMUSG00000031565,14182,GO:0018108,peptidyl-tyrosine phosphorylation,ISO
rs13479656,RefSNP,MGI:95522,Fgfr1,fibroblast growth factor receptor 1,protein coding gene,ENSMUSG00000031565,14182,GO:0048471,perinuclear region of cytoplasm,ISO
rs13479656,RefSNP,MGI:95522,Fgfr1,fibroblast growth factor receptor 1,protein coding gene,ENSMUSG00000031565,14182,GO:0016310,phosphorylation,IEA
rs13479656,RefSNP,MGI:95522,Fgfr1,fibroblast growth factor receptor 1,protein coding gene,ENSMUSG00000031565,14182,GO:0005886,plasma membrane,IPI
rs13479656,RefSNP,MGI:95522,Fgfr1,fibroblast growth factor receptor 1,protein coding gene,ENSMUSG00000031565,14182,GO:0005886,plasma membrane,ISO
rs13479656,RefSNP,MGI:95522,Fgfr1,fibroblast growth factor receptor 1,protein coding gene,ENSMUSG00000031565,14182,GO:0043536,positive regulation of blood vessel endothelial cell migration,ISO
rs13479656,RefSNP,MGI:95522,Fgfr1,fibroblast growth factor receptor 1,protein coding gene,ENSMUSG00000031565,14182,GO:0060045,positive regulation of cardiac muscle cell proliferation,IGI
rs13479656,RefSNP,MGI:95522,Fgfr1,fibroblast growth factor receptor 1,protein coding gene,ENSMUSG00000031565,14182,GO:0060045,positive regulation of cardiac muscle cell proliferation,IGI
rs13479656,RefSNP,MGI:95522,Fgfr1,fibroblast growth factor receptor 1,protein coding gene,ENSMUSG00000031565,14182,GO:0060045,positive regulation of cardiac muscle cell proliferation,ISO
rs13479656,RefSNP,MGI:95522,Fgfr1,fibroblast growth factor receptor 1,protein coding gene,ENSMUSG00000031565,14182,GO:0045787,positive regulation of cell cycle,IMP
rs13479656,RefSNP,MGI:95522,Fgfr1,fibroblast growth factor receptor 1,protein coding gene,ENSMUSG00000031565,14182,GO:0008284,positive regulation of cell population proliferation,IDA
rs13479656,RefSNP,MGI:95522,Fgfr1,fibroblast growth factor receptor 1,protein coding gene,ENSMUSG00000031565,14182,GO:0008284,positive regulation of cell population proliferation,IGI
rs13479656,RefSNP,MGI:95522,Fgfr1,fibroblast growth factor receptor 1,protein coding gene,ENSMUSG00000031565,14182,GO:0008284,positive regulation of cell population proliferation,IGI
rs13479656,RefSNP,MGI:95522,Fgfr1,fibroblast growth factor receptor 1,protein coding gene,ENSMUSG00000031565,14182,GO:0008284,positive regulation of cell population proliferation,IMP
rs13479656,RefSNP,MGI:95522,Fgfr1,fibroblast growth factor receptor 1,protein coding gene,ENSMUSG00000031565,14182,GO:0008284,positive regulation of cell population proliferation,ISO
rs13479656,RefSNP,MGI:95522,Fgfr1,fibroblast growth factor receptor 1,protein coding gene,ENSMUSG00000031565,14182,GO:0008284,positive regulation of cell population proliferation,TAS
rs13479656,RefSNP,MGI:95522,Fgfr1,fibroblast growth factor receptor 1,protein coding gene,ENSMUSG00000031565,14182,GO:2000546,positive regulation of endothelial cell chemotaxis to fibroblast growth factor,ISO
rs13479656,RefSNP,MGI:95522,Fgfr1,fibroblast growth factor receptor 1,protein coding gene,ENSMUSG00000031565,14182,GO:0010763,positive regulation of fibroblast migration,ISO
rs13479656,RefSNP,MGI:95522,Fgfr1,fibroblast growth factor receptor 1,protein coding gene,ENSMUSG00000031565,14182,GO:2000491,positive regulation of hepatic stellate cell activation,ISO
rs13479656,RefSNP,MGI:95522,Fgfr1,fibroblast growth factor receptor 1,protein coding gene,ENSMUSG00000031565,14182,GO:0050729,positive regulation of inflammatory response,ISO
rs13479656,RefSNP,MGI:95522,Fgfr1,fibroblast growth factor receptor 1,protein coding gene,ENSMUSG00000031565,14182,GO:0043410,positive regulation of MAPK cascade,ISO
rs13479656,RefSNP,MGI:95522,Fgfr1,fibroblast growth factor receptor 1,protein coding gene,ENSMUSG00000031565,14182,GO:0043406,positive regulation of MAP kinase activity,ISO
rs13479656,RefSNP,MGI:95522,Fgfr1,fibroblast growth factor receptor 1,protein coding gene,ENSMUSG00000031565,14182,GO:0090080,positive regulation of MAPKKK cascade by fibroblast growth factor receptor signaling pathway,IGI
rs13479656,RefSNP,MGI:95522,Fgfr1,fibroblast growth factor receptor 1,protein coding gene,ENSMUSG00000031565,14182,GO:0002053,positive regulation of mesenchymal cell proliferation,IGI
rs13479656,RefSNP,MGI:95522,Fgfr1,fibroblast growth factor receptor 1,protein coding gene,ENSMUSG00000031565,14182,GO:0002053,positive regulation of mesenchymal cell proliferation,IMP
rs13479656,RefSNP,MGI:95522,Fgfr1,fibroblast growth factor receptor 1,protein coding gene,ENSMUSG00000031565,14182,GO:0002053,positive regulation of mesenchymal cell proliferation,ISO
rs13479656,RefSNP,MGI:95522,Fgfr1,fibroblast growth factor receptor 1,protein coding gene,ENSMUSG00000031565,14182,GO:1903465,positive regulation of mitotic cell cycle DNA replication,IDA
rs13479656,RefSNP,MGI:95522,Fgfr1,fibroblast growth factor receptor 1,protein coding gene,ENSMUSG00000031565,14182,GO:0045666,positive regulation of neuron differentiation,ISO
rs13479656,RefSNP,MGI:95522,Fgfr1,fibroblast growth factor receptor 1,protein coding gene,ENSMUSG00000031565,14182,GO:0010976,positive regulation of neuron projection development,IGI
rs13479656,RefSNP,MGI:95522,Fgfr1,fibroblast growth factor receptor 1,protein coding gene,ENSMUSG00000031565,14182,GO:0010976,positive regulation of neuron projection development,ISO
rs13479656,RefSNP,MGI:95522,Fgfr1,fibroblast growth factor receptor 1,protein coding gene,ENSMUSG00000031565,14182,GO:2000830,positive regulation of parathyroid hormone secretion,IGI
rs13479656,RefSNP,MGI:95522,Fgfr1,fibroblast growth factor receptor 1,protein coding gene,ENSMUSG00000031565,14182,GO:0010863,positive regulation of phospholipase C activity,ISO
rs13479656,RefSNP,MGI:95522,Fgfr1,fibroblast growth factor receptor 1,protein coding gene,ENSMUSG00000031565,14182,GO:0051897,positive regulation of protein kinase B signaling,ISO
rs13479656,RefSNP,MGI:95522,Fgfr1,fibroblast growth factor receptor 1,protein coding gene,ENSMUSG00000031565,14182,GO:0045944,positive regulation of transcription by RNA polymerase II,ISO
rs13479656,RefSNP,MGI:95522,Fgfr1,fibroblast growth factor receptor 1,protein coding gene,ENSMUSG00000031565,14182,GO:1905564,positive regulation of vascular endothelial cell proliferation,ISO
rs13479656,RefSNP,MGI:95522,Fgfr1,fibroblast growth factor receptor 1,protein coding gene,ENSMUSG00000031565,14182,GO:0046777,protein autophosphorylation,ISO
rs13479656,RefSNP,MGI:95522,Fgfr1,fibroblast growth factor receptor 1,protein coding gene,ENSMUSG00000031565,14182,GO:0005515,protein binding,IPI
rs13479656,RefSNP,MGI:95522,Fgfr1,fibroblast growth factor receptor 1,protein coding gene,ENSMUSG00000031565,14182,GO:0044877,protein-containing complex binding,ISO
rs13479656,RefSNP,MGI:95522,Fgfr1,fibroblast growth factor receptor 1,protein coding gene,ENSMUSG00000031565,14182,GO:0042803,protein homodimerization activity,ISO
rs13479656,RefSNP,MGI:95522,Fgfr1,fibroblast growth factor receptor 1,protein coding gene,ENSMUSG00000031565,14182,GO:0004672,protein kinase activity,IEA
rs13479656,RefSNP,MGI:95522,Fgfr1,fibroblast growth factor receptor 1,protein coding gene,ENSMUSG00000031565,14182,GO:0006468,protein phosphorylation,IEA
rs13479656,RefSNP,MGI:95522,Fgfr1,fibroblast growth factor receptor 1,protein coding gene,ENSMUSG00000031565,14182,GO:0004713,protein tyrosine kinase activity,ISO
rs13479656,RefSNP,MGI:95522,Fgfr1,fibroblast growth factor receptor 1,protein coding gene,ENSMUSG00000031565,14182,GO:0043235,receptor complex,ISO
rs13479656,RefSNP,MGI:95522,Fgfr1,fibroblast growth factor receptor 1,protein coding gene,ENSMUSG00000031565,14182,GO:0090722,receptor-receptor interaction,ISO
rs13479656,RefSNP,MGI:95522,Fgfr1,fibroblast growth factor receptor 1,protein coding gene,ENSMUSG00000031565,14182,GO:0060665,regulation of branching involved in salivary gland morphogenesis by mesenchymal-epithelial signaling,IDA
rs13479656,RefSNP,MGI:95522,Fgfr1,fibroblast growth factor receptor 1,protein coding gene,ENSMUSG00000031565,14182,GO:0042127,regulation of cell population proliferation,IMP
rs13479656,RefSNP,MGI:95522,Fgfr1,fibroblast growth factor receptor 1,protein coding gene,ENSMUSG00000031565,14182,GO:0042127,regulation of cell population proliferation,ISO
rs13479656,RefSNP,MGI:95522,Fgfr1,fibroblast growth factor receptor 1,protein coding gene,ENSMUSG00000031565,14182,GO:2001239,regulation of extrinsic apoptotic signaling pathway in absence of ligand,IMP
rs13479656,RefSNP,MGI:95522,Fgfr1,fibroblast growth factor receptor 1,protein coding gene,ENSMUSG00000031565,14182,GO:0010468,regulation of gene expression,IMP
rs13479656,RefSNP,MGI:95522,Fgfr1,fibroblast growth factor receptor 1,protein coding gene,ENSMUSG00000031565,14182,GO:0048378,regulation of lateral mesodermal cell fate specification,IGI
rs13479656,RefSNP,MGI:95522,Fgfr1,fibroblast growth factor receptor 1,protein coding gene,ENSMUSG00000031565,14182,GO:0010966,regulation of phosphate transport,IGI
rs13479656,RefSNP,MGI:95522,Fgfr1,fibroblast growth factor receptor 1,protein coding gene,ENSMUSG00000031565,14182,GO:0051174,regulation of phosphorus metabolic process,IGI
rs13479656,RefSNP,MGI:95522,Fgfr1,fibroblast growth factor receptor 1,protein coding gene,ENSMUSG00000031565,14182,GO:0051930,regulation of sensory perception of pain,ISO
rs13479656,RefSNP,MGI:95522,Fgfr1,fibroblast growth factor receptor 1,protein coding gene,ENSMUSG00000031565,14182,GO:0072091,regulation of stem cell proliferation,ISO
rs13479656,RefSNP,MGI:95522,Fgfr1,fibroblast growth factor receptor 1,protein coding gene,ENSMUSG00000031565,14182,GO:0007435,salivary gland morphogenesis,IMP
rs13479656,RefSNP,MGI:95522,Fgfr1,fibroblast growth factor receptor 1,protein coding gene,ENSMUSG00000031565,14182,GO:0007605,sensory perception of sound,IMP
rs13479656,RefSNP,MGI:95522,Fgfr1,fibroblast growth factor receptor 1,protein coding gene,ENSMUSG00000031565,14182,GO:0042169,SH2 domain binding,IPI
rs13479656,RefSNP,MGI:95522,Fgfr1,fibroblast growth factor receptor 1,protein coding gene,ENSMUSG00000031565,14182,GO:0005102,signaling receptor binding,ISO
rs13479656,RefSNP,MGI:95522,Fgfr1,fibroblast growth factor receptor 1,protein coding gene,ENSMUSG00000031565,14182,GO:0019827,stem cell population maintenance,ISO
rs13479656,RefSNP,MGI:95522,Fgfr1,fibroblast growth factor receptor 1,protein coding gene,ENSMUSG00000031565,14182,GO:0016740,transferase activity,IEA
rs13479656,RefSNP,MGI:95522,Fgfr1,fibroblast growth factor receptor 1,protein coding gene,ENSMUSG00000031565,14182,GO:0001657,ureteric bud development,IGI
rs13479656,RefSNP,MGI:95522,Fgfr1,fibroblast growth factor receptor 1,protein coding gene,ENSMUSG00000031565,14182,GO:0060979,vasculogenesis involved in coronary vascular morphogenesis,TAS
rs13479656,RefSNP,MGI:95522,Fgfr1,fibroblast growth factor receptor 1,protein coding gene,ENSMUSG00000031565,14182,GO:0021847,ventricular zone neuroblast division,IMP
rs13479656,RefSNP,MGI:95522,Fgfr1,fibroblast growth factor receptor 1,protein coding gene,ENSMUSG00000031565,14182,GO:0070640,vitamin D3 metabolic process,IGI
rs13479656,RefSNP,MGI:5590447,Gm31288,"predicted gene, 31288",lncRNA gene,,102633471,,,
rs13479656,RefSNP,MGI:6004449,Tssr76682,transcription start site region 76682,TSS region,,,,,
rs3704385,RefSNP,MGI:5590943,Gm31784,"predicted gene, 31784",lncRNA gene,ENSMUSG00000110229,102634123,,,
rs3704385,RefSNP,MGI:5791143,Gm45307,predicted gene 45307,lncRNA gene,ENSMUSG00000109682,,,,
rs13479753,RefSNP,MGI:1922799,1700019L22Rik,RIKEN cDNA 1700019L22 gene,lncRNA gene,,75549,,,
rs3664869,,No associated gene,,,,,,,,
rs3663506,,No associated gene,,,,,,,,
rs3721390,,No associated gene,,,,,,,,
rs13479993,,No associated gene,,,,,,,,
rs13480205,,No associated gene,,,,,,,,
rs3670195,RefSNP,MGI:6014103,Tssr86336,transcription start site region 86336,TSS region,,,,,